,name,rank,1,2,3,4,5,6,7,8,9,10,11,12,13,14,15,16,17,18,19,20,21,22,23,24,25,26,27,28,29,30,31,32,33,34,35,36,37,38,39,40,41,42,43,44,45,46,47,48,49,50,51,52,53
0,SAQUON BARKLEY,1.0,1.0,1.0,3.0,2.0,1.0,2.0,1.0,1.0,1.0,3.0,1.0,1.0,1.0,1.0,2.0,2.0,1.0,2.0,3.0,1.0,1.0,1.0,1.0,1.0,2.0,1.0,1.0,1.0,1.0,1.0,2.0,2.0,1.0,4.0,2.0,1.0,2.0,1.0,1.0,1.0,1.0,1.0,1.0,1.0,2.0,1.0,3.0,1.0,2.0,2.0,1.0,3.0,1.0
1,ALVIN KAMARA,2.0,3.0,3.0,2.0,3.0,3.0,1.0,2.0,2.0,2.0,2.0,2.0,3.0,2.0,2.0,1.0,1.0,2.0,1.0,1.0,2.0,2.0,2.0,2.0,2.0,3.0,3.0,2.0,3.0,3.0,2.0,3.0,1.0,2.0,1.0,1.0,2.0,1.0,3.0,3.0,2.0,3.0,3.0,2.0,2.0,3.0,2.0,2.0,2.0,3.0,1.0,2.0,1.0,2.0
2,CHRISTIAN MCCAFFREY,3.0,2.0,2.0,1.0,1.0,2.0,3.0,3.0,3.0,3.0,1.0,3.0,2.0,3.0,3.0,3.0,3.0,3.0,3.0,2.0,4.0,3.0,3.0,3.0,3.0,4.0,2.0,3.0,4.0,2.0,3.0,1.0,3.0,3.0,2.0,3.0,3.0,3.0,2.0,2.0,3.0,2.0,4.0,3.0,3.0,1.0,3.0,1.0,3.0,1.0,3.0,3.0,2.0,3.0
3,EZEKIEL ELLIOTT,4.0,4.0,4.0,4.0,5.0,6.0,5.0,4.0,7.0,6.0,4.0,5.0,6.0,5.0,7.0,5.0,9.0,5.0,6.0,5.0,6.0,5.0,6.0,4.0,4.0,1.0,4.0,5.0,2.0,4.0,4.0,4.0,5.0,7.0,3.0,4.0,4.0,5.0,5.0,6.0,4.0,4.0,2.0,10.0,7.0,4.0,7.0,4.0,10.0,4.0,4.0,4.0,5.0,5.0
4,JAMES CONNER,5.0,10.0,11.0,6.0,10.0,24.0,11.0,9.0,8.0,21.0,24.0,8.0,9.0,7.0,9.0,8.0,4.0,9.0,7.0,6.0,7.0,10.0,12.0,7.0,8.0,9.0,9.0,12.0,11.0,11.0,7.0,11.0,9.0,20.0,7.0,5.0,6.0,10.0,10.0,7.0,24.0,8.0,7.0,9.0,10.0,10.0,23.0,6.0,9.0,8.0,10.0,7.0,7.0,12.0
5,LE'VEON BELL,6.0,5.0,9.0,5.0,7.0,4.0,4.0,8.0,4.0,8.0,6.0,7.0,5.0,6.0,5.0,7.0,20.0,8.0,10.0,10.0,10.0,4.0,5.0,8.0,21.0,10.0,7.0,8.0,7.0,5.0,10.0,6.0,4.0,4.0,9.0,8.0,11.0,6.0,4.0,8.0,5.0,7.0,12.0,7.0,6.0,8.0,11.0,8.0,7.0,7.0,7.0,9.0,6.0,7.0
6,TRAVIS KELCE,7.0,18.0,18.0,16.0,22.0,22.0,17.0,18.0,21.0,18.0,17.0,20.0,20.0,20.0,14.0,18.0,19.0,17.0,19.0,15.0,14.0,18.0,16.0,14.0,19.0,19.0,15.0,18.0,16.0,16.0,13.0,14.0,20.0,26.0,18.0,24.0,15.0,16.0,22.0,16.0,16.0,24.0,17.0,23.0,21.0,19.0,17.0,18.0,16.0,18.0,17.0,23.0,18.0,20.0
7,NICK CHUBB,8.0,9.0,8.0,11.0,8.0,12.0,9.0,7.0,10.0,10.0,9.0,9.0,4.0,10.0,11.0,9.0,11.0,7.0,9.0,9.0,12.0,7.0,7.0,6.0,9.0,5.0,11.0,9.0,9.0,7.0,6.0,9.0,10.0,5.0,11.0,10.0,12.0,9.0,9.0,9.0,6.0,10.0,5.0,8.0,9.0,6.0,8.0,7.0,8.0,5.0,8.0,5.0,11.0,21.0
8,TODD GURLEY,9.0,6.0,10.0,23.0,21.0,9.0,10.0,20.0,19.0,12.0,10.0,10.0,11.0,21.0,23.0,24.0,21.0,10.0,12.0,8.0,22.0,9.0,22.0,22.0,20.0,11.0,21.0,10.0,21.0,19.0,9.0,10.0,21.0,12.0,12.0,22.0,7.0,22.0,8.0,11.0,9.0,12.0,8.0,22.0,12.0,23.0,10.0,21.0,6.0,19.0,12.0,19.0,22.0,11.0
9,DAVID JOHNSON,10.0,7.0,5.0,7.0,4.0,5.0,6.0,6.0,5.0,4.0,5.0,4.0,7.0,8.0,4.0,6.0,7.0,4.0,4.0,7.0,8.0,8.0,10.0,9.0,5.0,8.0,6.0,7.0,5.0,9.0,8.0,5.0,8.0,9.0,6.0,6.0,5.0,4.0,7.0,5.0,7.0,5.0,9.0,4.0,8.0,5.0,6.0,11.0,4.0,6.0,5.0,8.0,10.0,9.0
10,JOE MIXON,11.0,23.0,12.0,12.0,17.0,18.0,23.0,21.0,18.0,24.0,20.0,22.0,22.0,22.0,19.0,20.0,24.0,22.0,22.0,21.0,21.0,24.0,20.0,23.0,22.0,22.0,20.0,24.0,12.0,24.0,22.0,20.0,12.0,15.0,20.0,20.0,22.0,24.0,23.0,23.0,21.0,22.0,24.0,20.0,22.0,20.0,13.0,12.0,17.0,23.0,23.0,12.0,16.0,17.0
11,JULIO JONES,12.0,24.0,20.0,10.0,20.0,11.0,12.0,12.0,23.0,22.0,8.0,11.0,12.0,24.0,10.0,11.0,8.0,11.0,11.0,22.0,24.0,22.0,9.0,11.0,24.0,12.0,23.0,23.0,10.0,12.0,11.0,12.0,11.0,8.0,24.0,11.0,20.0,11.0,21.0,20.0,12.0,11.0,11.0,24.0,24.0,22.0,12.0,10.0,12.0,11.0,22.0,21.0,19.0,8.0
12,DALVIN COOK,13.0,19.0,17.0,24.0,14.0,17.0,19.0,23.0,24.0,20.0,18.0,19.0,17.0,19.0,12.0,22.0,18.0,20.0,20.0,16.0,23.0,11.0,18.0,17.0,12.0,18.0,18.0,19.0,19.0,22.0,17.0,24.0,19.0,24.0,19.0,18.0,16.0,20.0,24.0,10.0,19.0,21.0,19.0,16.0,19.0,17.0,19.0,24.0,21.0,10.0,24.0,20.0,12.0,18.0
13,DEANDRE HOPKINS,14.0,8.0,6.0,9.0,6.0,8.0,7.0,5.0,6.0,5.0,7.0,6.0,8.0,4.0,6.0,4.0,5.0,6.0,5.0,4.0,9.0,6.0,4.0,5.0,6.0,6.0,5.0,4.0,6.0,6.0,5.0,7.0,7.0,10.0,8.0,7.0,8.0,7.0,6.0,4.0,8.0,6.0,6.0,5.0,4.0,7.0,4.0,5.0,5.0,9.0,6.0,6.0,4.0,4.0
14,DAMIEN WILLIAMS,15.0,17.0,26.0,22.0,13.0,13.0,15.0,16.0,20.0,19.0,15.0,16.0,13.0,25.0,13.0,17.0,14.0,29.0,14.0,18.0,19.0,21.0,14.0,15.0,29.0,17.0,14.0,14.0,30.0,14.0,18.0,16.0,25.0,18.0,13.0,30.0,17.0,29.0,18.0,13.0,13.0,15.0,23.0,18.0,15.0,29.0,14.0,19.0,14.0,29.0,13.0,14.0,29.0,25.0
15,DAVANTE ADAMS,16.0,11.0,7.0,8.0,9.0,7.0,8.0,10.0,11.0,9.0,11.0,12.0,10.0,9.0,8.0,10.0,6.0,24.0,8.0,11.0,11.0,12.0,8.0,10.0,7.0,7.0,10.0,6.0,8.0,8.0,12.0,8.0,6.0,6.0,10.0,9.0,9.0,8.0,11.0,21.0,10.0,9.0,10.0,12.0,5.0,9.0,9.0,23.0,11.0,12.0,11.0,24.0,9.0,6.0
16,JUJU SMITH-SCHUSTER,17.0,21.0,19.0,20.0,19.0,19.0,21.0,17.0,22.0,17.0,19.0,17.0,19.0,17.0,18.0,19.0,22.0,19.0,18.0,19.0,16.0,23.0,17.0,19.0,23.0,20.0,19.0,20.0,18.0,21.0,16.0,26.0,17.0,17.0,21.0,17.0,21.0,19.0,17.0,19.0,20.0,18.0,20.0,17.0,17.0,21.0,18.0,17.0,20.0,17.0,19.0,15.0,17.0,15.0
17,TYREEK HILL,18.0,12.0,23.0,19.0,24.0,21.0,22.0,24.0,12.0,23.0,22.0,23.0,23.0,12.0,22.0,12.0,23.0,12.0,23.0,12.0,20.0,19.0,11.0,12.0,18.0,23.0,24.0,22.0,20.0,18.0,23.0,23.0,23.0,22.0,22.0,12.0,23.0,23.0,19.0,12.0,22.0,20.0,18.0,19.0,20.0,11.0,24.0,22.0,24.0,21.0,9.0,10.0,21.0,10.0
18,DERRICK HENRY,19.0,35.0,43.0,32.0,47.0,48.0,46.0,34.0,35.0,33.0,44.0,45.0,44.0,44.0,42.0,45.0,29.0,48.0,47.0,45.0,36.0,44.0,48.0,47.0,45.0,28.0,35.0,47.0,17.0,23.0,44.0,34.0,47.0,32.0,31.0,28.0,48.0,36.0,47.0,46.0,36.0,44.0,31.0,36.0,48.0,48.0,29.0,45.0,48.0,48.0,43.0,47.0,45.0,48.0
19,GEORGE KITTLE,20.0,43.0,45.0,35.0,34.0,35.0,45.0,48.0,44.0,40.0,33.0,34.0,34.0,48.0,46.0,25.0,45.0,33.0,35.0,26.0,46.0,46.0,44.0,48.0,46.0,32.0,42.0,35.0,43.0,42.0,33.0,45.0,30.0,47.0,47.0,45.0,35.0,45.0,31.0,45.0,33.0,46.0,36.0,47.0,32.0,45.0,36.0,36.0,44.0,47.0,36.0,35.0,35.0,42.0
20,LEONARD FOURNETTE,21.0,14.0,16.0,27.0,35.0,25.0,16.0,27.0,13.0,15.0,13.0,15.0,16.0,16.0,15.0,14.0,16.0,15.0,27.0,13.0,27.0,15.0,25.0,26.0,16.0,14.0,25.0,27.0,15.0,17.0,29.0,15.0,16.0,16.0,16.0,25.0,14.0,17.0,16.0,26.0,27.0,16.0,15.0,27.0,28.0,14.0,16.0,15.0,19.0,26.0,30.0,30.0,15.0,19.0
21,KERRYON JOHNSON,22.0,31.0,13.0,28.0,32.0,14.0,26.0,14.0,14.0,16.0,14.0,35.0,25.0,27.0,27.0,28.0,27.0,14.0,26.0,14.0,28.0,29.0,28.0,16.0,13.0,27.0,13.0,13.0,24.0,27.0,26.0,18.0,24.0,29.0,29.0,26.0,27.0,15.0,26.0,22.0,31.0,13.0,30.0,13.0,25.0,13.0,31.0,35.0,15.0,22.0,27.0,17.0,14.0,16.0
22,AARON JONES,23.0,29.0,14.0,25.0,26.0,29.0,30.0,25.0,17.0,27.0,29.0,31.0,29.0,30.0,30.0,31.0,25.0,30.0,31.0,32.0,32.0,14.0,31.0,33.0,30.0,29.0,29.0,26.0,33.0,34.0,25.0,28.0,31.0,27.0,14.0,36.0,26.0,14.0,29.0,29.0,30.0,29.0,14.0,29.0,31.0,27.0,33.0,28.0,32.0,16.0,31.0,33.0,30.0,28.0
23,PATRICK MAHOMES,24.0,16.0,24.0,14.0,23.0,16.0,13.0,15.0,28.0,26.0,23.0,25.0,18.0,18.0,21.0,16.0,17.0,18.0,17.0,24.0,3.0,17.0,19.0,24.0,26.0,15.0,22.0,17.0,26.0,25.0,14.0,19.0,13.0,14.0,5.0,14.0,13.0,13.0,13.0,17.0,25.0,26.0,13.0,6.0,16.0,18.0,5.0,16.0,27.0,15.0,15.0,22.0,13.0,14.0
24,MIKE EVANS,25.0,15.0,15.0,15.0,18.0,15.0,18.0,22.0,15.0,14.0,16.0,18.0,15.0,15.0,17.0,15.0,15.0,16.0,15.0,17.0,15.0,13.0,13.0,25.0,17.0,13.0,17.0,16.0,14.0,15.0,21.0,17.0,15.0,21.0,15.0,19.0,18.0,27.0,15.0,15.0,17.0,17.0,25.0,14.0,18.0,15.0,15.0,13.0,18.0,14.0,14.0,26.0,20.0,13.0
25,CHRIS CARSON,26.0,30.0,35.0,45.0,30.0,32.0,36.0,29.0,27.0,28.0,36.0,29.0,46.0,34.0,44.0,34.0,34.0,35.0,34.0,34.0,35.0,33.0,33.0,35.0,28.0,31.0,33.0,28.0,28.0,31.0,30.0,25.0,33.0,30.0,30.0,31.0,30.0,31.0,34.0,34.0,32.0,33.0,29.0,33.0,29.0,35.0,27.0,25.0,33.0,28.0,32.0,29.0,24.0,29.0
26,ODELL BECKHAM,27.0,20.0,22.0,17.0,11.0,23.0,20.0,11.0,16.0,11.0,21.0,21.0,24.0,23.0,20.0,21.0,12.0,21.0,21.0,20.0,18.0,16.0,24.0,20.0,10.0,21.0,12.0,21.0,22.0,10.0,20.0,22.0,18.0,23.0,17.0,23.0,24.0,21.0,14.0,24.0,23.0,19.0,21.0,21.0,11.0,24.0,22.0,20.0,23.0,20.0,21.0,18.0,23.0,24.0
27,MICHAEL THOMAS,28.0,22.0,21.0,18.0,12.0,10.0,24.0,19.0,9.0,7.0,12.0,24.0,21.0,11.0,24.0,23.0,10.0,23.0,24.0,23.0,5.0,20.0,23.0,21.0,11.0,24.0,8.0,11.0,23.0,20.0,24.0,21.0,22.0,11.0,23.0,21.0,10.0,12.0,12.0,18.0,11.0,23.0,22.0,11.0,23.0,12.0,21.0,9.0,22.0,24.0,20.0,11.0,8.0,22.0
28,ANTONIO BROWN,29.0,13.0,28.0,13.0,15.0,26.0,28.0,28.0,25.0,13.0,28.0,14.0,14.0,13.0,26.0,30.0,13.0,27.0,16.0,25.0,26.0,25.0,21.0,13.0,14.0,25.0,16.0,25.0,13.0,13.0,27.0,13.0,27.0,25.0,25.0,15.0,19.0,18.0,20.0,14.0,18.0,14.0,27.0,15.0,33.0,16.0,20.0,14.0,25.0,30.0,16.0,13.0,27.0,23.0
29,ZACH ERTZ,30.0,45.0,29.0,46.0,42.0,40.0,39.0,45.0,43.0,47.0,47.0,41.0,47.0,47.0,45.0,43.0,41.0,39.0,41.0,43.0,45.0,40.0,45.0,40.0,38.0,46.0,39.0,40.0,44.0,32.0,46.0,41.0,29.0,49.0,52.0,40.0,37.0,44.0,45.0,41.0,26.0,45.0,39.0,44.0,43.0,37.0,37.0,48.0,34.0,46.0,46.0,36.0,39.0,47.0
30,SONY MICHEL,31.0,48.0,54.0,42.0,44.0,38.0,48.0,46.0,46.0,37.0,32.0,39.0,39.0,40.0,38.0,46.0,43.0,37.0,44.0,37.0,40.0,45.0,51.0,44.0,36.0,51.0,48.0,58.0,46.0,43.0,45.0,43.0,42.0,34.0,40.0,44.0,42.0,43.0,37.0,40.0,44.0,43.0,44.0,57.0,44.0,38.0,42.0,46.0,38.0,38.0,39.0,48.0,41.0,46.0
31,MELVIN GORDON,32.0,32.0,30.0,21.0,36.0,28.0,29.0,35.0,30.0,31.0,27.0,13.0,30.0,26.0,16.0,27.0,33.0,26.0,13.0,27.0,30.0,26.0,43.0,18.0,47.0,30.0,31.0,29.0,29.0,30.0,28.0,33.0,35.0,31.0,32.0,35.0,28.0,34.0,36.0,31.0,29.0,36.0,16.0,26.0,26.0,28.0,34.0,29.0,13.0,27.0,18.0,28.0,25.0,26.0
32,MARLON MACK,33.0,36.0,32.0,26.0,16.0,34.0,32.0,33.0,47.0,45.0,35.0,33.0,31.0,35.0,34.0,47.0,36.0,31.0,33.0,47.0,33.0,35.0,26.0,36.0,31.0,16.0,34.0,32.0,47.0,47.0,35.0,31.0,41.0,28.0,26.0,16.0,32.0,35.0,46.0,27.0,28.0,27.0,32.0,31.0,35.0,25.0,26.0,30.0,28.0,34.0,29.0,32.0,33.0,36.0
33,KEENAN ALLEN,34.0,28.0,33.0,34.0,29.0,30.0,14.0,26.0,31.0,25.0,26.0,28.0,36.0,14.0,28.0,26.0,31.0,32.0,25.0,33.0,13.0,34.0,30.0,28.0,25.0,36.0,26.0,31.0,32.0,36.0,32.0,29.0,14.0,48.0,33.0,13.0,29.0,30.0,32.0,30.0,35.0,31.0,33.0,28.0,27.0,47.0,28.0,34.0,31.0,31.0,28.0,31.0,31.0,31.0
34,DEVONTA FREEMAN,35.0,34.0,31.0,31.0,31.0,20.0,27.0,30.0,33.0,29.0,31.0,27.0,27.0,29.0,29.0,32.0,30.0,34.0,28.0,28.0,17.0,32.0,35.0,29.0,34.0,26.0,30.0,33.0,27.0,28.0,19.0,30.0,26.0,19.0,27.0,27.0,34.0,25.0,28.0,33.0,14.0,30.0,26.0,32.0,30.0,31.0,35.0,33.0,30.0,25.0,26.0,27.0,28.0,30.0
35,JOSH JACOBS,36.0,27.0,34.0,36.0,27.0,31.0,31.0,13.0,29.0,36.0,30.0,30.0,28.0,32.0,31.0,35.0,28.0,28.0,29.0,30.0,31.0,30.0,29.0,30.0,27.0,34.0,36.0,30.0,31.0,29.0,31.0,32.0,43.0,33.0,35.0,34.0,33.0,32.0,27.0,28.0,34.0,34.0,46.0,34.0,14.0,34.0,30.0,32.0,29.0,33.0,34.0,25.0,32.0,34.0
36,PHILLIP LINDSAY,37.0,53.0,49.0,38.0,52.0,43.0,38.0,55.0,54.0,41.0,52.0,48.0,53.0,51.0,49.0,51.0,42.0,59.0,50.0,54.0,37.0,54.0,47.0,37.0,39.0,48.0,46.0,36.0,42.0,44.0,47.0,49.0,50.0,37.0,56.0,51.0,53.0,56.0,50.0,49.0,53.0,54.0,42.0,41.0,47.0,72.0,40.0,49.0,41.0,36.0,41.0,50.0,52.0,55.0
37,ADAM THIELEN,38.0,33.0,27.0,33.0,25.0,27.0,25.0,31.0,32.0,35.0,25.0,26.0,26.0,28.0,25.0,29.0,26.0,36.0,30.0,29.0,25.0,27.0,27.0,27.0,15.0,35.0,27.0,15.0,25.0,26.0,15.0,27.0,28.0,13.0,28.0,29.0,25.0,33.0,25.0,25.0,15.0,28.0,28.0,25.0,13.0,26.0,25.0,26.0,26.0,13.0,25.0,16.0,26.0,27.0
38,DAVID MONTGOMERY,39.0,25.0,25.0,44.0,48.0,33.0,33.0,32.0,42.0,30.0,34.0,32.0,32.0,36.0,32.0,13.0,48.0,47.0,32.0,31.0,29.0,31.0,32.0,34.0,35.0,33.0,32.0,34.0,36.0,48.0,34.0,35.0,36.0,35.0,34.0,48.0,47.0,26.0,30.0,36.0,46.0,48.0,34.0,30.0,34.0,32.0,32.0,31.0,36.0,32.0,35.0,34.0,34.0,35.0
39,BRANDIN COOKS,40.0,50.0,44.0,41.0,45.0,45.0,43.0,47.0,48.0,42.0,42.0,43.0,43.0,45.0,36.0,40.0,47.0,41.0,39.0,46.0,47.0,41.0,39.0,45.0,41.0,45.0,44.0,45.0,48.0,39.0,41.0,44.0,34.0,44.0,44.0,47.0,45.0,47.0,44.0,47.0,38.0,38.0,40.0,46.0,41.0,44.0,41.0,41.0,43.0,42.0,48.0,38.0,44.0,41.0
40,ROBERT WOODS,41.0,42.0,37.0,48.0,39.0,41.0,41.0,38.0,38.0,44.0,38.0,37.0,42.0,43.0,43.0,39.0,40.0,40.0,43.0,42.0,44.0,42.0,38.0,39.0,44.0,40.0,38.0,43.0,57.0,52.0,52.0,40.0,46.0,42.0,42.0,38.0,46.0,41.0,49.0,42.0,41.0,55.0,38.0,38.0,50.0,40.0,50.0,42.0,39.0,40.0,44.0,41.0,42.0,45.0
41,MARK INGRAM,42.0,46.0,47.0,47.0,46.0,47.0,44.0,43.0,36.0,34.0,43.0,36.0,48.0,42.0,54.0,36.0,44.0,42.0,48.0,44.0,39.0,48.0,42.0,31.0,43.0,47.0,43.0,42.0,35.0,45.0,48.0,38.0,44.0,38.0,48.0,43.0,44.0,48.0,54.0,48.0,47.0,47.0,47.0,45.0,45.0,36.0,48.0,40.0,42.0,45.0,47.0,39.0,48.0,39.0
42,AMARI COOPER,43.0,47.0,36.0,30.0,43.0,46.0,35.0,44.0,26.0,48.0,46.0,44.0,45.0,31.0,33.0,33.0,46.0,43.0,46.0,48.0,42.0,28.0,34.0,43.0,33.0,44.0,47.0,48.0,45.0,41.0,36.0,46.0,48.0,45.0,45.0,42.0,43.0,28.0,35.0,44.0,45.0,25.0,35.0,48.0,37.0,33.0,47.0,47.0,47.0,44.0,45.0,45.0,47.0,33.0
43,JULIAN EDELMAN,44.0,44.0,42.0,43.0,41.0,42.0,42.0,41.0,39.0,39.0,41.0,46.0,41.0,39.0,48.0,44.0,38.0,38.0,40.0,49.0,57.0,39.0,49.0,38.0,40.0,43.0,37.0,41.0,37.0,46.0,49.0,39.0,55.0,41.0,41.0,46.0,38.0,40.0,43.0,38.0,40.0,35.0,48.0,40.0,40.0,42.0,38.0,38.0,40.0,50.0,38.0,40.0,37.0,43.0
44,KENYAN DRAKE,45.0,80.0,80.0,53.0,70.0,63.0,70.0,64.0,75.0,71.0,82.0,65.0,61.0,73.0,62.0,76.0,66.0,84.0,77.0,74.0,82.0,58.0,78.0,75.0,73.0,96.0,81.0,76.0,78.0,69.0,83.0,62.0,83.0,82.0,73.0,93.0,92.0,64.0,73.0,67.0,83.0,98.0,76.0,86.0,76.0,74.0,81.0,95.0,75.0,80.0,81.0,82.0,67.0,74.0
45,STEFON DIGGS,46.0,40.0,41.0,40.0,33.0,36.0,47.0,42.0,45.0,46.0,45.0,42.0,35.0,46.0,47.0,42.0,35.0,46.0,45.0,35.0,48.0,36.0,40.0,46.0,32.0,41.0,45.0,44.0,41.0,35.0,42.0,36.0,45.0,40.0,36.0,33.0,41.0,42.0,48.0,35.0,48.0,42.0,45.0,43.0,46.0,46.0,46.0,44.0,46.0,43.0,42.0,43.0,36.0,44.0
46,OJ HOWARD,47.0,52.0,60.0,54.0,57.0,66.0,59.0,59.0,71.0,58.0,49.0,55.0,52.0,58.0,56.0,60.0,61.0,72.0,57.0,58.0,54.0,56.0,37.0,58.0,59.0,57.0,56.0,50.0,71.0,57.0,68.0,51.0,71.0,60.0,65.0,49.0,50.0,53.0,58.0,70.0,60.0,56.0,58.0,70.0,72.0,58.0,64.0,59.0,54.0,60.0,52.0,65.0,70.0,69.0
47,EVAN ENGRAM,48.0,41.0,68.0,62.0,65.0,72.0,61.0,72.0,72.0,61.0,72.0,69.0,72.0,67.0,65.0,69.0,60.0,54.0,58.0,71.0,56.0,55.0,53.0,69.0,53.0,60.0,67.0,69.0,66.0,60.0,64.0,58.0,74.0,58.0,60.0,54.0,68.0,60.0,68.0,68.0,58.0,67.0,66.0,60.0,66.0,65.0,57.0,69.0,59.0,64.0,70.0,64.0,56.0,67.0
48,DESHAUN WATSON,49.0,56.0,46.0,49.0,50.0,55.0,53.0,50.0,50.0,69.0,54.0,52.0,51.0,53.0,52.0,53.0,49.0,13.0,42.0,52.0,60.0,38.0,15.0,51.0,55.0,52.0,41.0,54.0,54.0,40.0,43.0,42.0,59.0,43.0,37.0,52.0,56.0,39.0,41.0,43.0,52.0,51.0,55.0,50.0,52.0,52.0,39.0,53.0,53.0,55.0,72.0,37.0,40.0,59.0
49,AARON RODGERS,50.0,59.0,66.0,57.0,61.0,62.0,57.0,52.0,51.0,66.0,70.0,72.0,67.0,55.0,70.0,49.0,72.0,25.0,38.0,55.0,58.0,59.0,59.0,49.0,70.0,54.0,69.0,57.0,72.0,66.0,54.0,69.0,58.0,57.0,59.0,58.0,71.0,55.0,59.0,72.0,56.0,52.0,52.0,55.0,60.0,59.0,72.0,71.0,55.0,56.0,59.0,52.0,54.0,54.0
50,JARED COOK,51.0,94.0,73.0,93.0,84.0,61.0,79.0,75.0,65.0,75.0,64.0,73.0,77.0,75.0,78.0,71.0,90.0,76.0,73.0,84.0,76.0,73.0,75.0,80.0,72.0,91.0,71.0,61.0,63.0,63.0,63.0,80.0,93.0,75.0,87.0,62.0,107.0,73.0,95.0,90.0,73.0,74.0,81.0,73.0,73.0,75.0,78.0,77.0,93.0,79.0,80.0,73.0,64.0,63.0
51,TYLER LOCKETT,52.0,37.0,52.0,50.0,49.0,37.0,37.0,39.0,49.0,51.0,39.0,56.0,49.0,49.0,39.0,38.0,51.0,50.0,52.0,39.0,52.0,49.0,50.0,41.0,52.0,37.0,49.0,38.0,55.0,59.0,53.0,37.0,37.0,50.0,55.0,39.0,36.0,52.0,52.0,39.0,39.0,39.0,50.0,37.0,42.0,49.0,51.0,43.0,49.0,39.0,37.0,53.0,49.0,38.0
52,TY HILTON,53.0,26.0,48.0,29.0,28.0,44.0,34.0,36.0,34.0,32.0,48.0,47.0,33.0,33.0,35.0,48.0,32.0,44.0,36.0,36.0,34.0,47.0,36.0,32.0,42.0,42.0,28.0,46.0,34.0,33.0,40.0,47.0,32.0,36.0,43.0,32.0,31.0,46.0,33.0,32.0,43.0,32.0,43.0,35.0,36.0,30.0,43.0,27.0,35.0,35.0,33.0,46.0,46.0,32.0
53,KENNY GOLLADAY,54.0,57.0,38.0,52.0,56.0,52.0,51.0,37.0,52.0,49.0,40.0,50.0,37.0,52.0,37.0,41.0,37.0,56.0,49.0,40.0,50.0,51.0,41.0,53.0,71.0,50.0,51.0,55.0,53.0,50.0,51.0,57.0,53.0,46.0,54.0,37.0,39.0,37.0,40.0,56.0,51.0,41.0,49.0,51.0,54.0,39.0,49.0,37.0,37.0,51.0,40.0,51.0,57.0,51.0
54,MIKE WILLIAMS,55.0,55.0,50.0,37.0,67.0,53.0,65.0,57.0,58.0,60.0,53.0,51.0,50.0,54.0,55.0,56.0,56.0,52.0,69.0,57.0,55.0,60.0,72.0,56.0,58.0,53.0,54.0,37.0,40.0,53.0,55.0,53.0,39.0,51.0,39.0,60.0,59.0,51.0,39.0,55.0,55.0,69.0,51.0,58.0,55.0,43.0,55.0,57.0,50.0,37.0,58.0,70.0,58.0,57.0
55,COOPER KUPP,56.0,39.0,58.0,56.0,40.0,56.0,50.0,49.0,55.0,52.0,51.0,49.0,71.0,56.0,53.0,52.0,57.0,55.0,53.0,50.0,43.0,52.0,52.0,54.0,50.0,58.0,72.0,60.0,59.0,37.0,56.0,50.0,57.0,54.0,49.0,56.0,54.0,49.0,53.0,53.0,49.0,70.0,60.0,56.0,56.0,51.0,44.0,54.0,52.0,57.0,49.0,57.0,50.0,49.0
56,DUKE JOHNSON,57.0,130.0,131.0,170.0,128.0,130.0,124.0,137.0,101.0,116.0,134.0,128.0,135.0,117.0,131.0,135.0,133.0,137.0,147.0,135.0,150.0,112.0,125.0,138.0,129.0,124.0,116.0,133.0,139.0,142.0,135.0,140.0,115.0,143.0,131.0,142.0,129.0,100.0,112.0,116.0,134.0,133.0,123.0,136.0,131.0,131.0,137.0,142.0,144.0,133.0,130.0,131.0,140.0,126.0
57,HUNTER HENRY,58.0,75.0,67.0,63.0,62.0,74.0,78.0,67.0,63.0,65.0,74.0,60.0,66.0,64.0,61.0,68.0,63.0,80.0,60.0,93.0,71.0,65.0,67.0,63.0,81.0,64.0,64.0,70.0,69.0,71.0,67.0,67.0,66.0,66.0,61.0,67.0,64.0,62.0,60.0,63.0,63.0,65.0,62.0,64.0,64.0,68.0,56.0,64.0,77.0,68.0,63.0,78.0,62.0,64.0
58,MATT RYAN,59.0,49.0,63.0,65.0,60.0,78.0,67.0,84.0,77.0,80.0,80.0,75.0,82.0,76.0,66.0,81.0,75.0,62.0,68.0,61.0,78.0,63.0,61.0,91.0,61.0,62.0,59.0,64.0,80.0,72.0,94.0,82.0,81.0,61.0,67.0,63.0,90.0,78.0,74.0,64.0,65.0,71.0,74.0,61.0,80.0,70.0,67.0,63.0,66.0,69.0,65.0,69.0,77.0,79.0
59,TYLER BOYD,60.0,63.0,70.0,67.0,73.0,67.0,68.0,60.0,67.0,57.0,55.0,58.0,70.0,68.0,57.0,72.0,65.0,70.0,56.0,56.0,62.0,68.0,71.0,67.0,67.0,70.0,57.0,51.0,64.0,75.0,58.0,71.0,69.0,55.0,70.0,71.0,66.0,50.0,72.0,69.0,68.0,72.0,56.0,49.0,59.0,62.0,71.0,67.0,65.0,59.0,55.0,68.0,53.0,53.0
60,TEVIN COLEMAN,61.0,38.0,39.0,51.0,37.0,39.0,54.0,53.0,40.0,38.0,57.0,38.0,38.0,38.0,41.0,54.0,39.0,45.0,51.0,41.0,38.0,37.0,46.0,55.0,48.0,49.0,40.0,49.0,38.0,51.0,39.0,48.0,49.0,53.0,46.0,41.0,72.0,54.0,56.0,51.0,54.0,58.0,37.0,39.0,39.0,60.0,45.0,50.0,58.0,54.0,50.0,42.0,38.0,37.0
61,CAM NEWTON,62.0,89.0,86.0,108.0,94.0,83.0,83.0,106.0,106.0,84.0,91.0,108.0,85.0,99.0,77.0,94.0,83.0,77.0,107.0,120.0,98.0,80.0,92.0,105.0,84.0,92.0,87.0,80.0,76.0,93.0,75.0,99.0,87.0,95.0,94.0,95.0,98.0,105.0,80.0,87.0,79.0,93.0,90.0,93.0,82.0,91.0,102.0,94.0,97.0,90.0,104.0,83.0,91.0,93.0
62,JAMES WHITE,63.0,54.0,53.0,77.0,83.0,68.0,72.0,71.0,69.0,59.0,59.0,70.0,59.0,72.0,60.0,67.0,71.0,65.0,64.0,63.0,69.0,67.0,60.0,71.0,62.0,67.0,63.0,65.0,61.0,64.0,76.0,70.0,52.0,62.0,53.0,57.0,61.0,71.0,65.0,60.0,71.0,62.0,71.0,59.0,65.0,54.0,58.0,65.0,71.0,67.0,57.0,58.0,69.0,56.0
63,CHRIS GODWIN,64.0,58.0,40.0,58.0,38.0,50.0,55.0,40.0,37.0,50.0,37.0,40.0,40.0,41.0,40.0,57.0,53.0,51.0,55.0,38.0,49.0,43.0,54.0,42.0,37.0,39.0,50.0,39.0,52.0,49.0,38.0,52.0,40.0,39.0,38.0,53.0,40.0,38.0,42.0,37.0,37.0,40.0,41.0,42.0,49.0,41.0,60.0,39.0,45.0,41.0,51.0,44.0,43.0,40.0
64,ALSHON JEFFERY,65.0,67.0,71.0,60.0,74.0,71.0,60.0,68.0,66.0,68.0,68.0,67.0,57.0,66.0,76.0,63.0,55.0,63.0,66.0,73.0,70.0,64.0,69.0,60.0,74.0,71.0,61.0,71.0,79.0,67.0,79.0,60.0,67.0,69.0,63.0,66.0,70.0,59.0,62.0,80.0,57.0,68.0,64.0,68.0,69.0,56.0,65.0,68.0,70.0,70.0,66.0,55.0,83.0,66.0
65,AJ GREEN,66.0,71.0,55.0,39.0,53.0,49.0,40.0,56.0,59.0,53.0,50.0,53.0,54.0,37.0,50.0,55.0,52.0,53.0,72.0,53.0,51.0,50.0,58.0,59.0,68.0,38.0,55.0,56.0,60.0,55.0,71.0,54.0,56.0,52.0,51.0,50.0,52.0,58.0,51.0,52.0,59.0,60.0,54.0,52.0,38.0,71.0,52.0,51.0,51.0,52.0,53.0,49.0,51.0,50.0
66,VANCE MCDONALD,67.0,85.0,74.0,84.0,75.0,89.0,84.0,62.0,88.0,62.0,94.0,90.0,81.0,74.0,91.0,89.0,94.0,82.0,92.0,76.0,84.0,81.0,102.0,78.0,66.0,73.0,96.0,77.0,96.0,94.0,95.0,83.0,79.0,76.0,80.0,82.0,84.0,75.0,76.0,83.0,92.0,78.0,95.0,91.0,77.0,64.0,75.0,82.0,91.0,77.0,74.0,91.0,93.0,73.0
67,PEYTON BARBER,68.0,103.0,118.0,98.0,102.0,107.0,104.0,108.0,74.0,115.0,118.0,107.0,105.0,120.0,107.0,114.0,118.0,101.0,111.0,107.0,101.0,130.0,112.0,104.0,111.0,119.0,107.0,103.0,118.0,104.0,113.0,106.0,63.0,102.0,114.0,118.0,137.0,97.0,63.0,114.0,102.0,117.0,105.0,104.0,105.0,104.0,105.0,106.0,106.0,123.0,98.0,103.0,107.0,107.0
68,DREW BREES,69.0,79.0,83.0,75.0,77.0,95.0,80.0,90.0,95.0,89.0,76.0,83.0,93.0,107.0,75.0,79.0,78.0,96.0,75.0,83.0,65.0,79.0,84.0,76.0,63.0,84.0,86.0,75.0,103.0,99.0,73.0,74.0,92.0,77.0,93.0,72.0,77.0,80.0,87.0,86.0,75.0,84.0,96.0,75.0,79.0,92.0,83.0,81.0,94.0,84.0,90.0,90.0,84.0,104.0
69,SAMMY WATKINS,70.0,90.0,98.0,95.0,108.0,86.0,99.0,100.0,62.0,102.0,90.0,101.0,88.0,97.0,101.0,101.0,87.0,91.0,106.0,108.0,77.0,103.0,74.0,93.0,85.0,77.0,99.0,86.0,97.0,87.0,86.0,93.0,116.0,87.0,101.0,103.0,85.0,92.0,78.0,88.0,98.0,86.0,100.0,101.0,89.0,108.0,89.0,88.0,101.0,104.0,86.0,85.0,99.0,95.0
70,CALVIN RIDLEY,71.0,60.0,59.0,59.0,59.0,60.0,58.0,51.0,41.0,43.0,58.0,57.0,56.0,50.0,51.0,37.0,54.0,49.0,37.0,59.0,41.0,53.0,55.0,50.0,57.0,55.0,53.0,53.0,56.0,65.0,57.0,68.0,38.0,71.0,72.0,70.0,49.0,65.0,38.0,59.0,72.0,37.0,65.0,69.0,70.0,55.0,59.0,52.0,57.0,65.0,67.0,54.0,60.0,60.0
71,DJ MOORE,72.0,70.0,72.0,64.0,71.0,51.0,69.0,69.0,64.0,64.0,67.0,61.0,58.0,60.0,71.0,58.0,73.0,69.0,67.0,69.0,53.0,71.0,68.0,64.0,69.0,66.0,60.0,72.0,67.0,70.0,37.0,64.0,60.0,65.0,71.0,61.0,60.0,72.0,71.0,65.0,64.0,53.0,67.0,62.0,62.0,50.0,70.0,66.0,72.0,72.0,60.0,56.0,66.0,68.0
72,JARVIS LANDRY,73.0,65.0,62.0,78.0,72.0,64.0,66.0,61.0,53.0,55.0,71.0,63.0,65.0,78.0,63.0,62.0,74.0,58.0,62.0,67.0,74.0,77.0,73.0,66.0,64.0,74.0,66.0,62.0,39.0,79.0,74.0,66.0,76.0,67.0,66.0,74.0,80.0,69.0,61.0,73.0,50.0,82.0,61.0,67.0,51.0,80.0,63.0,73.0,62.0,63.0,61.0,60.0,90.0,71.0
73,ALLEN ROBINSON,74.0,82.0,61.0,61.0,68.0,82.0,76.0,74.0,83.0,70.0,78.0,64.0,76.0,69.0,80.0,95.0,79.0,74.0,94.0,68.0,96.0,74.0,79.0,74.0,75.0,75.0,78.0,78.0,73.0,78.0,62.0,75.0,77.0,80.0,92.0,64.0,62.0,68.0,64.0,81.0,82.0,49.0,77.0,63.0,84.0,84.0,77.0,72.0,81.0,74.0,75.0,74.0,82.0,82.0
74,JORDAN HOWARD,75.0,99.0,82.0,94.0,89.0,96.0,86.0,80.0,79.0,88.0,79.0,66.0,84.0,89.0,88.0,93.0,86.0,73.0,89.0,95.0,105.0,98.0,88.0,89.0,90.0,87.0,95.0,99.0,82.0,96.0,87.0,95.0,91.0,83.0,84.0,98.0,95.0,84.0,96.0,79.0,89.0,92.0,79.0,71.0,87.0,78.0,91.0,89.0,83.0,99.0,94.0,100.0,101.0,83.0
75,DERRIUS GUICE,76.0,64.0,79.0,70.0,58.0,69.0,77.0,78.0,68.0,83.0,63.0,68.0,68.0,77.0,72.0,78.0,58.0,79.0,71.0,80.0,63.0,75.0,63.0,65.0,77.0,78.0,62.0,68.0,58.0,58.0,65.0,81.0,65.0,73.0,58.0,83.0,55.0,63.0,81.0,57.0,61.0,83.0,75.0,74.0,96.0,66.0,82.0,74.0,60.0,75.0,78.0,61.0,78.0,81.0
76,AUSTIN EKELER,77.0,72.0,69.0,89.0,69.0,79.0,52.0,96.0,70.0,56.0,65.0,74.0,78.0,71.0,69.0,65.0,50.0,67.0,65.0,72.0,61.0,76.0,70.0,92.0,56.0,68.0,75.0,63.0,70.0,61.0,70.0,65.0,54.0,64.0,77.0,77.0,81.0,67.0,66.0,74.0,80.0,66.0,69.0,83.0,61.0,69.0,61.0,61.0,63.0,62.0,69.0,66.0,61.0,70.0
77,CARSON WENTZ,78.0,78.0,65.0,82.0,92.0,73.0,74.0,79.0,90.0,73.0,73.0,62.0,83.0,80.0,84.0,75.0,70.0,64.0,79.0,65.0,73.0,66.0,76.0,81.0,76.0,65.0,91.0,73.0,83.0,74.0,72.0,88.0,90.0,63.0,64.0,78.0,76.0,81.0,84.0,95.0,70.0,77.0,63.0,76.0,74.0,87.0,73.0,62.0,69.0,76.0,62.0,84.0,71.0,76.0
78,DELANIE WALKER,79.0,149.0,112.0,85.0,100.0,116.0,152.0,85.0,102.0,92.0,115.0,123.0,110.0,155.0,147.0,122.0,143.0,139.0,99.0,126.0,154.0,144.0,106.0,115.0,154.0,98.0,141.0,111.0,121.0,86.0,138.0,146.0,172.0,103.0,130.0,107.0,115.0,143.0,97.0,98.0,126.0,135.0,139.0,148.0,118.0,144.0,110.0,92.0,150.0,97.0,121.0,98.0,134.0,136.0
79,JORDAN REED,80.0,143.0,179.0,,135.0,156.0,148.0,,174.0,,151.0,136.0,179.0,180.0,,,,,180.0,150.0,,105.0,,85.0,116.0,155.0,178.0,,180.0,,,136.0,,,177.0,173.0,,173.0,,,177.0,,164.0,141.0,180.0,180.0,180.0,,177.0,180.0,165.0,174.0,,178.0
80,DAVID NJOKU,81.0,107.0,94.0,103.0,95.0,99.0,92.0,118.0,86.0,93.0,87.0,86.0,87.0,85.0,99.0,119.0,88.0,107.0,88.0,101.0,87.0,87.0,100.0,107.0,88.0,90.0,89.0,79.0,75.0,89.0,89.0,109.0,84.0,93.0,137.0,92.0,114.0,90.0,89.0,85.0,101.0,95.0,97.0,87.0,86.0,103.0,106.0,87.0,87.0,87.0,103.0,92.0,89.0,101.0
81,BEN ROETHLISBERGER,82.0,131.0,127.0,125.0,140.0,136.0,129.0,125.0,139.0,130.0,130.0,138.0,131.0,150.0,132.0,121.0,129.0,144.0,130.0,128.0,144.0,143.0,136.0,139.0,139.0,141.0,138.0,128.0,144.0,144.0,129.0,141.0,127.0,129.0,134.0,129.0,144.0,131.0,143.0,133.0,125.0,130.0,141.0,144.0,129.0,130.0,130.0,129.0,114.0,143.0,129.0,144.0,127.0,140.0
82,RUSSELL WILSON,83.0,98.0,105.0,83.0,105.0,101.0,96.0,111.0,92.0,107.0,99.0,106.0,104.0,116.0,86.0,92.0,99.0,106.0,93.0,97.0,118.0,85.0,103.0,90.0,95.0,118.0,100.0,118.0,93.0,80.0,92.0,85.0,110.0,120.0,90.0,104.0,118.0,116.0,116.0,104.0,95.0,80.0,112.0,96.0,107.0,120.0,94.0,90.0,107.0,94.0,82.0,115.0,63.0,110.0
83,TARIK COHEN,84.0,73.0,84.0,66.0,78.0,70.0,82.0,81.0,76.0,95.0,88.0,94.0,95.0,79.0,95.0,74.0,91.0,78.0,81.0,78.0,95.0,96.0,83.0,87.0,80.0,94.0,80.0,95.0,74.0,56.0,84.0,77.0,64.0,90.0,78.0,69.0,67.0,74.0,79.0,71.0,62.0,61.0,93.0,88.0,81.0,90.0,96.0,84.0,73.0,83.0,54.0,77.0,75.0,80.0
84,MARK ANDREWS,85.0,177.0,152.0,178.0,138.0,,180.0,172.0,,160.0,150.0,177.0,178.0,169.0,173.0,180.0,134.0,170.0,178.0,180.0,157.0,,137.0,175.0,179.0,177.0,133.0,179.0,176.0,173.0,158.0,177.0,139.0,177.0,175.0,180.0,166.0,146.0,180.0,177.0,146.0,170.0,179.0,138.0,147.0,178.0,162.0,179.0,,179.0,,170.0,144.0,168.0
85,DAK PRESCOTT,86.0,140.0,134.0,142.0,172.0,132.0,131.0,165.0,150.0,140.0,139.0,153.0,154.0,153.0,135.0,154.0,145.0,143.0,148.0,176.0,153.0,135.0,153.0,156.0,149.0,133.0,159.0,146.0,130.0,172.0,134.0,124.0,145.0,150.0,139.0,138.0,172.0,136.0,169.0,134.0,133.0,134.0,135.0,146.0,178.0,135.0,156.0,138.0,146.0,152.0,136.0,146.0,150.0,156.0
86,ROBBY ANDERSON,87.0,66.0,77.0,71.0,66.0,75.0,62.0,66.0,73.0,76.0,61.0,79.0,73.0,65.0,74.0,80.0,69.0,66.0,63.0,66.0,68.0,62.0,62.0,62.0,51.0,61.0,74.0,81.0,81.0,76.0,78.0,61.0,61.0,70.0,76.0,76.0,65.0,61.0,67.0,62.0,81.0,64.0,73.0,81.0,78.0,61.0,62.0,55.0,61.0,61.0,76.0,75.0,65.0,62.0
87,JARED GOFF,88.0,87.0,104.0,88.0,114.0,110.0,87.0,97.0,120.0,108.0,86.0,100.0,101.0,112.0,92.0,98.0,103.0,94.0,96.0,118.0,91.0,88.0,89.0,111.0,93.0,107.0,114.0,94.0,91.0,103.0,88.0,97.0,96.0,84.0,119.0,91.0,125.0,108.0,94.0,102.0,117.0,114.0,89.0,105.0,83.0,116.0,121.0,85.0,108.0,86.0,112.0,101.0,98.0,94.0
88,BAKER MAYFIELD,89.0,69.0,57.0,68.0,76.0,58.0,64.0,65.0,60.0,67.0,75.0,54.0,64.0,61.0,67.0,66.0,64.0,57.0,70.0,70.0,64.0,70.0,66.0,52.0,65.0,69.0,68.0,59.0,51.0,77.0,59.0,56.0,62.0,68.0,68.0,68.0,51.0,70.0,69.0,61.0,66.0,75.0,57.0,65.0,57.0,57.0,69.0,60.0,68.0,71.0,64.0,63.0,68.0,75.0
89,LOS ANGELES RAMS,90.0,118.0,120.0,118.0,116.0,106.0,117.0,113.0,117.0,111.0,124.0,109.0,115.0,115.0,115.0,116.0,114.0,112.0,115.0,109.0,117.0,107.0,108.0,116.0,102.0,120.0,119.0,105.0,111.0,114.0,112.0,121.0,119.0,111.0,120.0,106.0,124.0,114.0,117.0,122.0,118.0,110.0,107.0,120.0,108.0,118.0,108.0,119.0,119.0,118.0,120.0,111.0,113.0,119.0
90,CHICAGO,91.0,100.0,88.0,101.0,85.0,92.0,94.0,99.0,115.0,97.0,98.0,80.0,99.0,95.0,87.0,91.0,80.0,85.0,102.0,92.0,79.0,99.0,90.0,88.0,98.0,105.0,92.0,96.0,104.0,108.0,69.0,98.0,85.0,104.0,102.0,90.0,96.0,101.0,120.0,97.0,90.0,104.0,68.0,94.0,98.0,97.0,90.0,101.0,78.0,93.0,88.0,108.0,94.0,90.0
91,JAMEIS WINSTON,92.0,124.0,114.0,122.0,99.0,121.0,125.0,109.0,104.0,110.0,112.0,113.0,112.0,110.0,122.0,125.0,117.0,119.0,122.0,111.0,114.0,121.0,130.0,130.0,117.0,115.0,109.0,124.0,109.0,118.0,136.0,119.0,124.0,127.0,111.0,123.0,93.0,122.0,125.0,138.0,127.0,128.0,115.0,125.0,113.0,129.0,124.0,104.0,123.0,101.0,109.0,109.0,110.0,124.0
92,STERLING SHEPARD,93.0,95.0,89.0,99.0,103.0,114.0,116.0,91.0,112.0,119.0,97.0,121.0,116.0,114.0,85.0,104.0,102.0,102.0,120.0,119.0,119.0,116.0,114.0,99.0,105.0,100.0,104.0,102.0,108.0,116.0,97.0,107.0,86.0,98.0,107.0,100.0,116.0,120.0,108.0,112.0,105.0,85.0,103.0,107.0,120.0,98.0,119.0,120.0,118.0,120.0,107.0,120.0,117.0,115.0
93,MARVIN JONES,94.0,91.0,87.0,96.0,90.0,85.0,90.0,95.0,87.0,96.0,104.0,87.0,96.0,82.0,106.0,90.0,93.0,89.0,103.0,90.0,106.0,86.0,99.0,96.0,92.0,82.0,102.0,87.0,89.0,92.0,119.0,91.0,105.0,97.0,88.0,87.0,86.0,106.0,99.0,120.0,85.0,94.0,86.0,100.0,91.0,99.0,100.0,102.0,88.0,88.0,89.0,81.0,103.0,91.0
94,EMMANUEL SANDERS,95.0,113.0,125.0,123.0,132.0,84.0,123.0,116.0,98.0,124.0,114.0,131.0,113.0,119.0,109.0,144.0,128.0,111.0,110.0,121.0,128.0,128.0,127.0,123.0,125.0,123.0,88.0,113.0,113.0,131.0,114.0,112.0,99.0,125.0,98.0,109.0,108.0,111.0,126.0,106.0,114.0,97.0,109.0,127.0,106.0,128.0,104.0,127.0,102.0,127.0,111.0,113.0,112.0,96.0
95,DEDE WESTBROOK,96.0,114.0,116.0,121.0,121.0,117.0,107.0,105.0,108.0,100.0,117.0,118.0,118.0,118.0,112.0,106.0,98.0,118.0,117.0,102.0,112.0,126.0,113.0,108.0,124.0,97.0,115.0,112.0,115.0,106.0,115.0,101.0,103.0,113.0,86.0,113.0,106.0,125.0,113.0,94.0,108.0,119.0,120.0,109.0,99.0,101.0,114.0,108.0,120.0,98.0,116.0,89.0,119.0,97.0
96,WILL FULLER,97.0,62.0,81.0,74.0,64.0,76.0,63.0,73.0,80.0,78.0,77.0,82.0,63.0,81.0,79.0,77.0,76.0,61.0,83.0,94.0,67.0,78.0,80.0,77.0,79.0,63.0,83.0,84.0,84.0,62.0,61.0,73.0,80.0,74.0,69.0,79.0,73.0,77.0,77.0,77.0,74.0,76.0,83.0,82.0,67.0,76.0,79.0,70.0,80.0,92.0,73.0,67.0,76.0,61.0
97,JOSH GORDON,98.0,84.0,103.0,150.0,87.0,104.0,115.0,103.0,89.0,118.0,120.0,76.0,123.0,122.0,120.0,70.0,82.0,115.0,98.0,116.0,75.0,93.0,86.0,100.0,104.0,85.0,76.0,85.0,88.0,95.0,99.0,78.0,73.0,88.0,91.0,85.0,75.0,88.0,88.0,75.0,78.0,73.0,91.0,66.0,85.0,89.0,66.0,80.0,86.0,78.0,97.0,94.0,96.0,85.0
98,CHRISTIAN KIRK,99.0,77.0,90.0,81.0,86.0,77.0,73.0,76.0,93.0,81.0,92.0,96.0,75.0,92.0,90.0,86.0,81.0,83.0,87.0,62.0,81.0,82.0,94.0,61.0,96.0,80.0,70.0,82.0,94.0,84.0,91.0,76.0,82.0,96.0,74.0,80.0,63.0,79.0,93.0,96.0,77.0,81.0,84.0,77.0,93.0,73.0,93.0,76.0,92.0,82.0,77.0,80.0,74.0,78.0
99,NEW ORLEANS,100.0,,175.0,,,,,,,178.0,,,180.0,177.0,,,163.0,,,,,,,,180.0,,162.0,,,,,,,,,,,,,,158.0,,,,,,,157.0,157.0,,,,,
100,LESEAN MCCOY,101.0,106.0,108.0,100.0,101.0,87.0,100.0,104.0,99.0,99.0,100.0,103.0,106.0,102.0,97.0,103.0,106.0,99.0,104.0,100.0,102.0,100.0,120.0,86.0,106.0,86.0,105.0,114.0,105.0,68.0,107.0,87.0,106.0,86.0,100.0,97.0,110.0,85.0,101.0,108.0,106.0,108.0,108.0,97.0,102.0,88.0,112.0,105.0,100.0,85.0,101.0,102.0,92.0,89.0
101,GREG OLSEN,102.0,,,,166.0,176.0,136.0,175.0,176.0,,159.0,148.0,,,177.0,142.0,174.0,,,,89.0,,,,,,,168.0,,,,,,122.0,,,151.0,,,,,,,,,,,,,,,,,
102,DANTE PETTIS,103.0,101.0,100.0,72.0,93.0,90.0,93.0,82.0,78.0,90.0,84.0,97.0,79.0,91.0,81.0,87.0,101.0,95.0,80.0,81.0,100.0,91.0,91.0,82.0,94.0,95.0,93.0,90.0,95.0,97.0,104.0,94.0,78.0,85.0,85.0,96.0,88.0,104.0,104.0,66.0,99.0,120.0,98.0,92.0,92.0,94.0,74.0,93.0,89.0,91.0,96.0,96.0,86.0,105.0
103,DENVER,104.0,150.0,137.0,171.0,159.0,161.0,133.0,133.0,168.0,152.0,147.0,160.0,157.0,,,166.0,158.0,179.0,146.0,162.0,155.0,180.0,158.0,151.0,148.0,,,157.0,156.0,153.0,170.0,179.0,159.0,160.0,178.0,157.0,163.0,,,180.0,155.0,,151.0,,169.0,179.0,170.0,166.0,160.0,162.0,162.0,148.0,162.0,172.0
104,INDIANAPOLIS,105.0,,,,,,,,,,,,,,,,,,,,,177.0,,,,,,,,,,,,,,,,,,,,,,,,,,,,,,,,
105,AUSTIN HOOPER,106.0,176.0,167.0,,,,178.0,178.0,177.0,170.0,126.0,168.0,176.0,141.0,167.0,173.0,179.0,168.0,171.0,,,168.0,107.0,171.0,,136.0,180.0,,160.0,169.0,180.0,173.0,133.0,179.0,166.0,136.0,,151.0,175.0,127.0,172.0,162.0,180.0,177.0,176.0,174.0,178.0,172.0,161.0,122.0,180.0,151.0,159.0,179.0
106,PITTSBURGH,107.0,,,,,,,,,,,,,,,,,,,,125.0,,,,,,,,,,,,,,,,,,159.0,,,,,,,,,,,172.0,,,,
107,MINNESOTA,108.0,144.0,143.0,128.0,141.0,138.0,137.0,136.0,135.0,141.0,143.0,143.0,143.0,144.0,138.0,143.0,135.0,142.0,129.0,148.0,140.0,139.0,142.0,135.0,140.0,140.0,112.0,131.0,143.0,123.0,139.0,128.0,141.0,110.0,141.0,143.0,152.0,152.0,139.0,126.0,141.0,147.0,136.0,143.0,161.0,138.0,136.0,136.0,141.0,145.0,137.0,138.0,141.0,135.0
108,KANSAS CITY,109.0,,,,,,,,,,,,,,,,,,,,,,,,,,,,,,,,,,,,,,,,,,,,,,,,,,,178.0,,
109,CLEVELAND,110.0,141.0,138.0,131.0,137.0,133.0,147.0,134.0,140.0,139.0,142.0,137.0,137.0,138.0,134.0,150.0,130.0,151.0,135.0,144.0,138.0,133.0,148.0,143.0,126.0,139.0,147.0,125.0,134.0,136.0,133.0,137.0,152.0,141.0,133.0,140.0,138.0,130.0,133.0,153.0,136.0,153.0,166.0,147.0,136.0,140.0,140.0,141.0,139.0,139.0,140.0,134.0,139.0,141.0
110,LATAVIUS MURRAY,111.0,76.0,64.0,79.0,55.0,57.0,71.0,70.0,61.0,74.0,66.0,81.0,69.0,70.0,64.0,64.0,59.0,68.0,61.0,60.0,66.0,61.0,64.0,70.0,60.0,72.0,65.0,66.0,77.0,73.0,66.0,72.0,51.0,59.0,62.0,65.0,69.0,76.0,70.0,58.0,76.0,59.0,70.0,54.0,68.0,67.0,68.0,78.0,64.0,58.0,68.0,71.0,73.0,72.0
111,RASHAAD PENNY,112.0,93.0,78.0,73.0,81.0,65.0,81.0,63.0,85.0,77.0,62.0,84.0,62.0,63.0,82.0,82.0,97.0,81.0,78.0,82.0,80.0,94.0,81.0,84.0,82.0,79.0,77.0,93.0,68.0,83.0,80.0,84.0,70.0,81.0,79.0,88.0,57.0,91.0,83.0,76.0,67.0,91.0,78.0,84.0,71.0,82.0,84.0,75.0,82.0,66.0,93.0,93.0,100.0,92.0
112,NEW ENGLAND,113.0,173.0,,174.0,,158.0,,180.0,158.0,,,180.0,158.0,134.0,154.0,146.0,153.0,176.0,154.0,171.0,,,161.0,146.0,,,170.0,152.0,136.0,178.0,174.0,154.0,162.0,155.0,158.0,147.0,157.0,158.0,155.0,167.0,159.0,161.0,161.0,162.0,,175.0,163.0,,168.0,161.0,159.0,179.0,158.0,157.0
113,MOHAMED SANU,114.0,,,,,,,,,,,,,,,,,,,,,,167.0,,,,,,,,,,,,,,,,,,,,,,149.0,,,,,,,,,
114,BUFFALO,115.0,,,,,179.0,163.0,,,,,,,,,,,,,153.0,,,,178.0,,158.0,,,,,,,,,,,167.0,,,,,,,,162.0,,,,,,,,,
115,JACKSONVILLE,116.0,127.0,110.0,110.0,122.0,124.0,128.0,114.0,126.0,122.0,125.0,141.0,124.0,125.0,125.0,112.0,109.0,122.0,113.0,125.0,99.0,125.0,97.0,114.0,115.0,113.0,113.0,122.0,127.0,121.0,123.0,111.0,142.0,109.0,123.0,110.0,113.0,129.0,128.0,125.0,121.0,132.0,138.0,122.0,127.0,112.0,123.0,122.0,125.0,132.0,127.0,128.0,111.0,128.0
116,COREY DAVIS,117.0,115.0,107.0,116.0,104.0,119.0,110.0,117.0,103.0,120.0,113.0,104.0,117.0,108.0,89.0,111.0,115.0,116.0,116.0,89.0,111.0,118.0,104.0,118.0,107.0,112.0,111.0,119.0,117.0,112.0,106.0,117.0,101.0,114.0,124.0,112.0,112.0,115.0,118.0,117.0,113.0,101.0,111.0,112.0,117.0,121.0,101.0,121.0,90.0,115.0,108.0,119.0,97.0,123.0
117,BALTIMORE,118.0,123.0,141.0,129.0,139.0,144.0,144.0,143.0,142.0,131.0,129.0,142.0,141.0,140.0,128.0,132.0,126.0,125.0,132.0,123.0,142.0,142.0,141.0,132.0,137.0,142.0,142.0,126.0,125.0,140.0,144.0,132.0,136.0,132.0,128.0,127.0,141.0,127.0,137.0,130.0,132.0,143.0,132.0,140.0,143.0,132.0,131.0,144.0,128.0,131.0,142.0,137.0,120.0,127.0
118,TOM BRADY,119.0,122.0,136.0,127.0,127.0,142.0,135.0,122.0,141.0,129.0,128.0,117.0,149.0,132.0,143.0,127.0,127.0,129.0,128.0,139.0,123.0,122.0,105.0,121.0,131.0,126.0,132.0,123.0,128.0,143.0,81.0,130.0,131.0,124.0,138.0,131.0,103.0,138.0,124.0,132.0,130.0,144.0,116.0,128.0,134.0,109.0,127.0,143.0,98.0,142.0,128.0,140.0,123.0,139.0
119,CAROLINA,120.0,,,,,,,,,,,,,,,,,,,,,,,,,,,,,,,,,,,,,,,,,,,,,,,,,,,,,
120,WASHINGTON,121.0,,,,,,,,,,,,,,,,,,,,,,,,,,,,,,,,,,,,,,,,,,,,,,,,,,,,,
121,ERIC EBRON,122.0,92.0,75.0,80.0,80.0,91.0,98.0,88.0,97.0,79.0,83.0,95.0,91.0,90.0,96.0,88.0,92.0,86.0,90.0,85.0,86.0,95.0,96.0,112.0,87.0,89.0,98.0,92.0,62.0,91.0,90.0,120.0,88.0,92.0,103.0,75.0,89.0,82.0,86.0,84.0,91.0,112.0,92.0,89.0,95.0,95.0,95.0,91.0,85.0,81.0,95.0,87.0,79.0,86.0
122,LOS ANGELES CHARGERS,123.0,134.0,130.0,124.0,124.0,139.0,138.0,130.0,124.0,149.0,144.0,127.0,130.0,145.0,124.0,141.0,136.0,126.0,131.0,143.0,132.0,140.0,139.0,124.0,143.0,138.0,144.0,127.0,138.0,125.0,152.0,139.0,144.0,142.0,143.0,141.0,146.0,133.0,138.0,136.0,140.0,145.0,134.0,133.0,140.0,141.0,141.0,139.0,130.0,140.0,131.0,133.0,143.0,134.0
123,LAMAR JACKSON,124.0,125.0,144.0,114.0,106.0,127.0,109.0,132.0,122.0,125.0,141.0,122.0,126.0,130.0,126.0,126.0,124.0,109.0,144.0,114.0,131.0,117.0,128.0,113.0,128.0,128.0,137.0,120.0,129.0,126.0,111.0,113.0,128.0,130.0,140.0,121.0,117.0,142.0,106.0,141.0,124.0,127.0,122.0,119.0,121.0,113.0,126.0,109.0,127.0,144.0,124.0,126.0,108.0,109.0
124,PHILADELPHIA,125.0,179.0,176.0,151.0,,165.0,172.0,177.0,180.0,156.0,157.0,171.0,,171.0,165.0,171.0,156.0,180.0,176.0,175.0,169.0,160.0,176.0,161.0,166.0,167.0,,154.0,153.0,155.0,161.0,162.0,173.0,174.0,151.0,160.0,159.0,,160.0,159.0,,178.0,159.0,160.0,171.0,158.0,161.0,176.0,,170.0,,,152.0,173.0
125,HOUSTON,126.0,133.0,157.0,133.0,156.0,147.0,143.0,152.0,152.0,138.0,163.0,146.0,150.0,148.0,157.0,145.0,149.0,141.0,133.0,134.0,158.0,146.0,131.0,165.0,145.0,160.0,145.0,136.0,133.0,151.0,154.0,153.0,163.0,137.0,136.0,132.0,156.0,159.0,134.0,152.0,137.0,148.0,153.0,139.0,153.0,149.0,145.0,147.0,134.0,147.0,145.0,153.0,160.0,166.0
126,TREY BURTON,127.0,110.0,145.0,111.0,97.0,174.0,118.0,128.0,118.0,103.0,116.0,149.0,109.0,101.0,100.0,123.0,147.0,121.0,86.0,140.0,103.0,110.0,122.0,153.0,121.0,99.0,130.0,145.0,101.0,109.0,122.0,138.0,130.0,89.0,146.0,137.0,142.0,103.0,102.0,145.0,107.0,121.0,124.0,98.0,151.0,114.0,103.0,110.0,122.0,154.0,114.0,105.0,109.0,118.0
127,GREEN BAY,128.0,,,,,,,,,,,,,,,,,,,,,,,,,,,,,,,,,,,,,,,,,,,,,,,,,,,,,
128,ARIZONA,129.0,,,,,,,,,,,,,,,,,,,,,,,,,,,,,,,,,,,,,,,,,,,,,,,,,,,,,
129,MITCH TRUBISKY,130.0,174.0,,147.0,173.0,171.0,176.0,154.0,171.0,179.0,179.0,155.0,156.0,,151.0,176.0,167.0,150.0,174.0,179.0,151.0,175.0,180.0,174.0,169.0,175.0,154.0,175.0,142.0,152.0,,147.0,132.0,176.0,,149.0,,,170.0,154.0,180.0,169.0,154.0,178.0,152.0,172.0,,156.0,155.0,171.0,175.0,143.0,154.0,171.0
130,JIMMY GRAHAM,131.0,,,,,,,,,,,,,,,,164.0,,,,,,,,,,,180.0,,,,,,,,,,,,,,,,,,,,,,,,,,
131,KYLE RUDOLPH,132.0,,177.0,,164.0,,,,,,,,,,,,,178.0,,,173.0,,,,,,,,,,,,,,,174.0,,,,,,,,,,,,,,,,106.0,156.0,
132,MILES SANDERS,133.0,51.0,51.0,76.0,51.0,54.0,49.0,54.0,57.0,54.0,56.0,59.0,55.0,57.0,58.0,59.0,67.0,71.0,54.0,51.0,59.0,72.0,56.0,57.0,54.0,56.0,52.0,52.0,49.0,38.0,50.0,55.0,72.0,56.0,50.0,59.0,58.0,57.0,57.0,50.0,42.0,57.0,53.0,72.0,58.0,53.0,54.0,58.0,56.0,53.0,56.0,72.0,59.0,52.0
133,KIRK COUSINS,134.0,132.0,142.0,148.0,169.0,164.0,151.0,155.0,148.0,133.0,146.0,151.0,153.0,151.0,148.0,148.0,141.0,135.0,139.0,136.0,149.0,137.0,150.0,131.0,146.0,161.0,148.0,129.0,169.0,133.0,178.0,156.0,150.0,149.0,153.0,134.0,150.0,149.0,153.0,149.0,150.0,155.0,,145.0,135.0,155.0,155.0,135.0,149.0,,138.0,154.0,136.0,142.0
134,DALLAS,135.0,152.0,159.0,156.0,155.0,152.0,134.0,139.0,145.0,148.0,152.0,162.0,152.0,166.0,156.0,137.0,,147.0,136.0,154.0,160.0,150.0,159.0,157.0,153.0,147.0,151.0,147.0,154.0,158.0,155.0,148.0,146.0,151.0,161.0,161.0,154.0,172.0,154.0,151.0,139.0,151.0,169.0,149.0,166.0,147.0,154.0,150.0,147.0,,158.0,175.0,133.0,
135,SEATTLE,136.0,,,,,,,,,,,,,,,,,,,,,,179.0,,,,,,,,,,,,,,,,,,,,,,,,,,,,,,,
136,JIMMY GAROPPOLO,137.0,142.0,163.0,145.0,134.0,141.0,156.0,150.0,133.0,150.0,149.0,145.0,151.0,143.0,137.0,147.0,138.0,140.0,141.0,149.0,146.0,148.0,134.0,152.0,136.0,148.0,179.0,138.0,137.0,135.0,169.0,150.0,154.0,135.0,149.0,148.0,176.0,,144.0,166.0,152.0,149.0,155.0,151.0,,169.0,149.0,148.0,136.0,151.0,135.0,135.0,149.0,
137,CURTIS SAMUEL,138.0,61.0,92.0,105.0,63.0,81.0,75.0,77.0,94.0,82.0,81.0,77.0,74.0,62.0,94.0,61.0,95.0,93.0,74.0,75.0,94.0,84.0,77.0,83.0,89.0,76.0,79.0,88.0,90.0,81.0,82.0,79.0,94.0,79.0,83.0,89.0,74.0,94.0,98.0,82.0,88.0,63.0,82.0,78.0,75.0,77.0,85.0,83.0,79.0,100.0,83.0,76.0,88.0,65.0
138,PHILIP RIVERS,139.0,121.0,121.0,117.0,131.0,126.0,102.0,124.0,109.0,123.0,108.0,116.0,121.0,109.0,121.0,110.0,104.0,103.0,121.0,122.0,124.0,120.0,121.0,122.0,114.0,122.0,127.0,108.0,126.0,122.0,128.0,122.0,125.0,100.0,132.0,108.0,91.0,123.0,100.0,124.0,123.0,109.0,144.0,123.0,144.0,115.0,92.0,113.0,109.0,110.0,110.0,112.0,121.0,131.0
139,DESEAN JACKSON,140.0,109.0,109.0,112.0,118.0,112.0,121.0,126.0,129.0,104.0,121.0,105.0,89.0,126.0,111.0,129.0,113.0,113.0,123.0,124.0,109.0,109.0,123.0,103.0,123.0,117.0,126.0,116.0,114.0,113.0,124.0,118.0,122.0,123.0,113.0,111.0,99.0,98.0,109.0,131.0,112.0,111.0,126.0,121.0,109.0,123.0,115.0,112.0,115.0,128.0,119.0,117.0,118.0,143.0
140,LARRY FITZGERALD,141.0,104.0,106.0,102.0,110.0,118.0,114.0,102.0,123.0,86.0,102.0,110.0,114.0,106.0,93.0,120.0,112.0,108.0,101.0,87.0,120.0,108.0,117.0,117.0,113.0,116.0,123.0,110.0,99.0,119.0,105.0,102.0,112.0,115.0,112.0,114.0,119.0,119.0,103.0,121.0,115.0,118.0,104.0,118.0,119.0,102.0,111.0,123.0,111.0,111.0,106.0,118.0,85.0,100.0
141,NEW YORK JETS,142.0,,,,,,,,,,,,,,,,,,,,,,,,,,,,,,,,,,,,,,,,,,,,,,,,,,,,,
142,TENNESSEE,143.0,,,,,,,,,,,,,,,,,,,,,,,,171.0,,,,,,,,,,,,,,,,,,,,,,,,,,,,,
143,DETROIT,144.0,,,,,,,,,,,,,,,,,,,,,,,,,,,,,,,,,,,,153.0,,,,,,,,,,,,,,,,,
144,SAN FRANCISCO,145.0,,,,,,,,,,,,,,,,,,,,,,,,,,,,,,,,,,,,,,,,,,,,,,,,,,,,,
145,KENNY STILLS,146.0,,,177.0,,,,,,,,,,,,,,,,,,,,,,,,,,166.0,,160.0,,,,,,,,,,,,,,,,,,,,,,
146,DION LEWIS,147.0,,115.0,,162.0,,155.0,168.0,167.0,,,,175.0,,175.0,159.0,,171.0,,170.0,175.0,124.0,,,,157.0,175.0,178.0,174.0,179.0,132.0,178.0,161.0,170.0,180.0,179.0,168.0,,176.0,128.0,178.0,176.0,128.0,180.0,150.0,163.0,134.0,154.0,175.0,124.0,150.0,177.0,,149.0
147,ATLANTA,148.0,,,,,,,,,,,,,,,,,,,,,,,,,,,,,,,,,,,,,,,,,,,,,,,,,,,,,
148,JACK DOYLE,149.0,,,,,,,,,,,,,,,134.0,,,,,,,,,,,,,,,,,,,,,,,,,,,,,,,,,,,,,,
149,DONTE MONCRIEF,150.0,126.0,132.0,140.0,143.0,143.0,141.0,129.0,132.0,126.0,123.0,129.0,142.0,127.0,144.0,131.0,137.0,123.0,126.0,141.0,129.0,132.0,138.0,141.0,130.0,130.0,125.0,143.0,131.0,132.0,143.0,125.0,134.0,128.0,99.0,130.0,131.0,132.0,127.0,111.0,122.0,142.0,140.0,103.0,128.0,125.0,109.0,111.0,129.0,141.0,123.0,122.0,128.0,144.0
150,MARQUISE GOODWIN,151.0,,180.0,172.0,179.0,172.0,179.0,173.0,175.0,,173.0,178.0,177.0,176.0,174.0,,180.0,177.0,177.0,,,178.0,,176.0,174.0,174.0,,,178.0,180.0,,,179.0,,176.0,178.0,,177.0,,,,100.0,,,175.0,177.0,,,,178.0,,180.0,,177.0
151,NEW YORK GIANTS,152.0,,,,,,,,,,,,,,,,,,,,,,,,,,,,,,,,,,,,,,,,,,,,,,,,,,,,,
152,TAMPA BAY,153.0,,,,,,,,,,,,,,,,,,,,,,,,,,,,,,,,,,,,,,,,,,,,,,,,,,,,,
153,COURTLAND SUTTON,154.0,119.0,119.0,119.0,112.0,111.0,112.0,119.0,111.0,113.0,107.0,126.0,107.0,111.0,105.0,115.0,121.0,120.0,119.0,112.0,104.0,111.0,116.0,110.0,127.0,88.0,118.0,109.0,123.0,115.0,108.0,116.0,129.0,112.0,116.0,122.0,128.0,117.0,114.0,115.0,103.0,113.0,117.0,111.0,116.0,124.0,117.0,117.0,112.0,119.0,115.0,107.0,114.0,111.0
154,CINCINNATI,155.0,,,,,,,,,,,,,,,,,,,,,,,,,,,,,,,,,,,,,,,,,,,,,,,,,,,,,
155,MICHAEL GALLUP,156.0,169.0,156.0,175.0,170.0,128.0,173.0,170.0,172.0,155.0,177.0,176.0,171.0,164.0,170.0,133.0,169.0,167.0,170.0,172.0,163.0,169.0,177.0,160.0,170.0,166.0,156.0,171.0,155.0,154.0,149.0,169.0,170.0,169.0,155.0,170.0,135.0,156.0,174.0,118.0,162.0,115.0,133.0,170.0,156.0,154.0,171.0,140.0,170.0,165.0,173.0,155.0,175.0,153.0
156,TYLER EIFERT,157.0,,,,,,,,,,,,,,,,,,,,,,143.0,,,,,,,,,,,,,,,,147.0,,,,,,,,,,,,,,,
157,TYRELL WILLIAMS,158.0,129.0,148.0,126.0,145.0,134.0,130.0,135.0,138.0,135.0,135.0,134.0,136.0,133.0,141.0,136.0,110.0,138.0,125.0,137.0,141.0,138.0,145.0,144.0,138.0,125.0,134.0,142.0,141.0,101.0,151.0,127.0,143.0,133.0,142.0,144.0,130.0,140.0,130.0,137.0,142.0,125.0,129.0,134.0,139.0,142.0,143.0,130.0,140.0,135.0,143.0,130.0,137.0,130.0
158,MIAMI,159.0,,,,,,,,,,,,,,,,,,,,,,,,,,,,,,,,,,,,,,,,,,,,,,,,,,,,,
159,TJ HOCKENSON,160.0,172.0,149.0,165.0,115.0,153.0,177.0,161.0,161.0,132.0,178.0,175.0,174.0,172.0,164.0,169.0,178.0,157.0,175.0,173.0,176.0,173.0,178.0,,147.0,149.0,,177.0,166.0,176.0,147.0,171.0,147.0,175.0,172.0,145.0,,169.0,123.0,173.0,173.0,171.0,170.0,176.0,170.0,134.0,164.0,174.0,156.0,177.0,141.0,172.0,178.0,170.0
160,ALBERT WILSON,161.0,,,,,,,,,,,,,,,,,,,,,,,,,,,,,,,,,,,,,,,,,,,,,,,,,,,,,
161,MATT BREIDA,162.0,138.0,111.0,152.0,126.0,109.0,122.0,121.0,144.0,106.0,140.0,99.0,108.0,105.0,114.0,138.0,132.0,131.0,109.0,117.0,130.0,123.0,140.0,106.0,120.0,109.0,124.0,144.0,116.0,117.0,85.0,100.0,97.0,116.0,115.0,119.0,120.0,113.0,119.0,99.0,111.0,123.0,101.0,117.0,114.0,122.0,142.0,118.0,131.0,113.0,144.0,129.0,115.0,112.0
162,ROYCE FREEMAN,163.0,81.0,95.0,87.0,91.0,88.0,85.0,98.0,84.0,98.0,101.0,89.0,80.0,93.0,98.0,84.0,77.0,98.0,95.0,77.0,88.0,90.0,93.0,79.0,91.0,81.0,90.0,83.0,85.0,100.0,100.0,96.0,107.0,94.0,75.0,84.0,83.0,86.0,85.0,92.0,97.0,90.0,88.0,90.0,90.0,79.0,97.0,97.0,84.0,89.0,91.0,86.0,95.0,103.0
163,CHRIS HERNDON,164.0,,,,,,,,,,,,,,,,,,,,,,,,,,173.0,,,,,,,,,,,167.0,,,,,,,,,,,,146.0,,,,
164,JOHN BROWN,165.0,136.0,150.0,146.0,148.0,145.0,153.0,147.0,113.0,145.0,153.0,147.0,133.0,146.0,136.0,155.0,148.0,133.0,150.0,151.0,177.0,145.0,174.0,149.0,155.0,151.0,155.0,155.0,152.0,145.0,125.0,151.0,153.0,154.0,150.0,155.0,134.0,144.0,149.0,150.0,154.0,140.0,148.0,153.0,138.0,148.0,169.0,151.0,154.0,134.0,151.0,156.0,148.0,150.0
165,DARRELL HENDERSON,166.0,97.0,96.0,92.0,96.0,93.0,97.0,86.0,82.0,94.0,96.0,78.0,94.0,96.0,68.0,73.0,89.0,87.0,84.0,79.0,85.0,83.0,65.0,98.0,83.0,101.0,94.0,97.0,102.0,90.0,93.0,92.0,98.0,91.0,81.0,86.0,94.0,83.0,92.0,78.0,96.0,107.0,85.0,95.0,88.0,83.0,80.0,100.0,74.0,96.0,84.0,79.0,80.0,87.0
166,JAMISON CROWDER,167.0,170.0,178.0,,174.0,169.0,171.0,156.0,156.0,173.0,176.0,169.0,155.0,173.0,172.0,172.0,162.0,156.0,169.0,147.0,174.0,170.0,156.0,179.0,173.0,137.0,172.0,170.0,173.0,168.0,159.0,164.0,176.0,173.0,173.0,171.0,173.0,110.0,177.0,176.0,175.0,152.0,175.0,175.0,155.0,171.0,172.0,145.0,171.0,175.0,176.0,171.0,173.0,138.0
167,JASON WITTEN,168.0,,,,,,,,,,,,,,,,,,,,,,,,,,,,,,,,,,,,,,,,,,,,,,,,,,,,,
168,JOSH ALLEN,169.0,171.0,,179.0,180.0,135.0,158.0,,178.0,175.0,,173.0,146.0,,176.0,,173.0,172.0,,177.0,,174.0,,166.0,,154.0,,173.0,171.0,175.0,179.0,176.0,,,,175.0,,,150.0,,170.0,177.0,157.0,179.0,,173.0,,164.0,176.0,169.0,153.0,173.0,176.0,180.0
169,ADRIAN PETERSON,170.0,102.0,91.0,106.0,119.0,102.0,103.0,101.0,119.0,101.0,95.0,85.0,92.0,88.0,108.0,99.0,105.0,97.0,105.0,106.0,115.0,101.0,115.0,102.0,101.0,104.0,108.0,104.0,107.0,105.0,98.0,89.0,111.0,118.0,105.0,102.0,102.0,102.0,91.0,100.0,120.0,105.0,106.0,99.0,103.0,105.0,88.0,107.0,96.0,107.0,99.0,99.0,105.0,113.0
170,JAYLEN SAMUELS,171.0,112.0,124.0,144.0,111.0,123.0,139.0,112.0,127.0,114.0,109.0,132.0,122.0,86.0,117.0,85.0,107.0,130.0,114.0,99.0,136.0,115.0,133.0,128.0,119.0,131.0,143.0,117.0,106.0,124.0,110.0,115.0,117.0,108.0,108.0,120.0,122.0,95.0,129.0,103.0,116.0,99.0,99.0,115.0,123.0,93.0,139.0,114.0,132.0,129.0,118.0,127.0,129.0,102.0
171,DALLAS GOEDERT,172.0,,,,,,,,,,,,,,,,,,,,,,,,,,,,,,,,,,,,,,,,,,,,,,,,,,,,,
172,OAKLAND,173.0,,,,,,,,,,,,,,,,,,,,,,,,,,,,,,,,,,,,,,,,,,,,,,,,,,,,,
173,WILL DISSLY,174.0,,,,,,,,,,,,,,,,,,,,,,,,,,,,,,,,,,,,,,,,,,,,,,,,,,,,,
174,KALEN BALLAGE,175.0,74.0,99.0,139.0,88.0,98.0,101.0,93.0,107.0,85.0,103.0,120.0,97.0,94.0,119.0,117.0,100.0,100.0,100.0,96.0,92.0,89.0,85.0,73.0,100.0,103.0,101.0,98.0,92.0,120.0,103.0,90.0,75.0,101.0,82.0,81.0,101.0,96.0,75.0,107.0,100.0,103.0,94.0,79.0,104.0,81.0,99.0,86.0,95.0,108.0,85.0,88.0,102.0,99.0
175,GERONIMO ALLISON,176.0,86.0,102.0,97.0,113.0,103.0,95.0,87.0,121.0,105.0,106.0,119.0,103.0,100.0,116.0,105.0,119.0,117.0,82.0,103.0,90.0,102.0,118.0,95.0,99.0,106.0,73.0,106.0,86.0,98.0,102.0,105.0,114.0,107.0,117.0,94.0,79.0,99.0,107.0,101.0,86.0,96.0,102.0,116.0,94.0,119.0,118.0,98.0,99.0,106.0,87.0,114.0,104.0,88.0
176,MARQUEZ VALDES-SCANTLING,177.0,88.0,97.0,86.0,107.0,97.0,89.0,94.0,96.0,87.0,60.0,102.0,90.0,87.0,102.0,102.0,84.0,90.0,97.0,88.0,83.0,92.0,87.0,94.0,97.0,93.0,82.0,89.0,87.0,88.0,101.0,86.0,95.0,105.0,97.0,101.0,105.0,87.0,105.0,91.0,104.0,87.0,87.0,108.0,100.0,85.0,98.0,96.0,104.0,102.0,92.0,95.0,72.0,84.0
177,CJ ANDERSON,178.0,,,,,,,,,,,,,,178.0,,,,,,,,,,,,,,,,,,,,,,,,,,,,160.0,,,,,,,,,,,
178,ZAY JONES,179.0,,,,,,,,,,,,,,,,,,,,,,,,,,,,,,,,,,,,,,,,,,,,,,,,174.0,,,,,
179,NOAH FANT,180.0,,,,,,,,,,,,,,,,,,,,,,,,,,,,,,,,,,,,,,,,,,,,,,,,,,,,,
180,JALEN RICHARD,181.0,,,,,,,,,,,,,,,,,,,,,,,,,,,,,,,,,,,,,,,,,,,,,,,,,,,,,
181,TED GINN,182.0,,,,,,,,,,,,,,,,,,,,,,,,,,,,,,,,,,,,,,,,,,,,,,,,,,,,,
182,DARREN WALLER,183.0,,,,,,,,,,,,,,,,,,,,,,,,,,,,,,,,,,,,,,,,,,,,,,,,,,,,,
183,ANTHONY MILLER,184.0,120.0,129.0,135.0,144.0,146.0,142.0,131.0,134.0,134.0,111.0,140.0,140.0,142.0,127.0,140.0,131.0,136.0,142.0,142.0,147.0,136.0,147.0,140.0,133.0,144.0,140.0,140.0,146.0,129.0,145.0,142.0,135.0,139.0,127.0,139.0,132.0,145.0,131.0,144.0,144.0,129.0,143.0,137.0,126.0,145.0,147.0,137.0,142.0,126.0,134.0,136.0,122.0,147.0
184,MARQUISE BROWN,185.0,,,,,,,,,,,,,,,,,,,,,,,,,,,,,,,,,,,,,,,,,,,,,,,,,,,,168.0,
185,KEKE COUTEE,186.0,155.0,158.0,143.0,136.0,150.0,150.0,146.0,153.0,153.0,155.0,152.0,148.0,137.0,139.0,149.0,144.0,134.0,134.0,145.0,148.0,129.0,172.0,150.0,144.0,146.0,136.0,137.0,147.0,138.0,121.0,135.0,148.0,147.0,145.0,152.0,149.0,150.0,151.0,148.0,153.0,156.0,149.0,156.0,146.0,150.0,133.0,134.0,145.0,149.0,149.0,125.0,145.0,125.0
186,MARQISE LEE,187.0,,,,,,,,,,,,,,,,,,,,,,,,,,,,,,,,,,,,,,,,,,,,,,,,,,,,,
187,CAMERON BRATE,188.0,,,,,,,,,,,,,,,,,,,,,,,,,,,,,,,,,,,,,,,,,,,,,,,,,,,,,
188,ROBERT FOSTER,189.0,,,,,,,,,,,,,,,,,,,,,,,,,,,,,,,,,,,,,,,,,,,,,,,,,,,,,
189,JAMAAL WILLIAMS,190.0,,,,,,174.0,,,,,,,170.0,,,,,,,,,,,,,,,,,162.0,,,,,,,,,,,,,,,,146.0,,,,,,,
190,ITO SMITH,191.0,168.0,174.0,154.0,177.0,,,,179.0,,,156.0,172.0,154.0,171.0,175.0,,174.0,172.0,169.0,,,,180.0,,,150.0,176.0,175.0,174.0,137.0,175.0,178.0,178.0,159.0,176.0,,135.0,179.0,140.0,176.0,136.0,,171.0,177.0,176.0,122.0,177.0,179.0,176.0,179.0,176.0,,176.0
191,JERICK MCKINNON,192.0,,,137.0,,,,171.0,,177.0,,166.0,,175.0,,,,,,,178.0,,,172.0,162.0,,,,179.0,,,,,,,,,174.0,,174.0,,180.0,,173.0,179.0,,,,,,,,,
192,LAMAR MILLER,193.0,68.0,56.0,69.0,54.0,59.0,56.0,58.0,56.0,72.0,69.0,71.0,60.0,59.0,59.0,50.0,68.0,60.0,59.0,64.0,72.0,57.0,57.0,72.0,49.0,59.0,58.0,67.0,50.0,54.0,60.0,59.0,68.0,72.0,57.0,55.0,78.0,66.0,55.0,54.0,69.0,50.0,72.0,53.0,53.0,63.0,53.0,56.0,67.0,49.0,71.0,59.0,55.0,58.0
193,PAUL RICHARDSON,194.0,,,,,,,,,,,,,,,,,,,,,,,,,,,,,,,,,,,,,,,,,,,,,,,,,,,,,
194,DK METCALF,195.0,128.0,123.0,113.0,125.0,122.0,113.0,110.0,114.0,121.0,122.0,115.0,125.0,124.0,110.0,124.0,123.0,110.0,124.0,110.0,126.0,113.0,124.0,125.0,122.0,114.0,131.0,115.0,132.0,127.0,140.0,123.0,120.0,126.0,126.0,117.0,140.0,126.0,122.0,110.0,109.0,122.0,131.0,110.0,122.0,127.0,129.0,124.0,124.0,109.0,125.0,121.0,126.0,122.0
195,ADAM HUMPHRIES,196.0,,,,,,,,,,,,,,,,,,,,,,,,,,,,,,,,,,,,,,,,,,,,,,,,,,,,,137.0
196,DAESEAN HAMILTON,197.0,,,,,,,,,,,,,,,,,,,,,,,,,,,,,,,,,,,,,,,,,,,,,,,,,,,,,
197,VERNON DAVIS,198.0,,,,,,,,,,,,,,,,,,,,,,,,,,,,,,,,,,,,,,,,,,,,,,,,,,,,,
198,NYHEIM HINES,199.0,,,,,,,,,,,,,,,,,,,,,,,,,,165.0,,,,,,,,,,,179.0,,175.0,,,147.0,,,,,,,,,,,
199,FARTy MCFA,200.0,,,,,,,,,,,,,,,,,,,,,,,,,,,,,,,,,,,,,,,,,,,,,,,,,,,,,
200,KYLER MURRAY,200.0,117.0,85.0,90.0,117.0,105.0,106.0,92.0,91.0,112.0,89.0,91.0,111.0,113.0,118.0,96.0,96.0,92.0,85.0,105.0,116.0,106.0,110.0,119.0,118.0,111.0,122.0,91.0,119.0,107.0,127.0,108.0,100.0,106.0,109.0,105.0,87.0,109.0,115.0,119.0,93.0,106.0,114.0,106.0,115.0,86.0,86.0,115.0,117.0,117.0,113.0,104.0,106.0,117.0
201,GERALD EVERETT,201.0,,,,,,,,,,,,,,,,,,,,,,,,,,,,,,,,,,,,,,,,,,,,,,,,,,,,,
202,DEVANTE PARKER,202.0,,,,,,,,137.0,,,,,,,,,,,,,,,,164.0,,,,,,,,,,,,,,,,,,,,,,,,,,,,,
203,TAYLOR GABRIEL,203.0,,,,,,,,,,,,,,,,,,,,,,,,,,,,,,,,,,,,,,,,,,,,,,,,,,,,,
204,NELSON AGHOLOR,204.0,,,,,,,,,,,,,,,,,,,,,,,,,,,,,,,,,,,,,,,,,,,,,,,,,,,,180.0,
205,JEFF HEUERMAN,205.0,,,,,,,,,,,,,,,,,,,,,,,,,,,,,,,,,,,,,,,,,,,,,,,,,,,,,
206,JAMES WASHINGTON,206.0,111.0,113.0,132.0,123.0,113.0,140.0,142.0,116.0,127.0,119.0,130.0,128.0,128.0,130.0,118.0,116.0,124.0,112.0,129.0,134.0,127.0,129.0,126.0,112.0,110.0,106.0,121.0,110.0,128.0,131.0,126.0,108.0,131.0,106.0,126.0,126.0,121.0,121.0,129.0,128.0,131.0,127.0,131.0,111.0,117.0,128.0,126.0,126.0,121.0,122.0,110.0,125.0,106.0
207,QUINCY ENUNWA,207.0,,,,,,,,,,,,,,,,,,173.0,,,,,,,,,,,,,,,,,,,,,,,,,,,,,,,,,,,
208,MIKE GESICKI,208.0,,,,,,,,,,,,,,,,,,,,,,,,,,,,,,,,,,,,,,,,,,,,,,,,,,,,,
209,IAN THOMAS,209.0,,,,,,,,,,,,,,,,,,,,,,,,,,,,,,,,,,,,,,,,,,,,,,,,,,,,,
210,DEVIN FUNCHESS,210.0,154.0,172.0,130.0,153.0,149.0,169.0,148.0,128.0,151.0,127.0,150.0,145.0,156.0,149.0,151.0,146.0,154.0,152.0,152.0,171.0,154.0,169.0,145.0,172.0,143.0,129.0,165.0,170.0,150.0,176.0,170.0,169.0,134.0,169.0,154.0,174.0,168.0,156.0,170.0,169.0,172.0,152.0,169.0,159.0,151.0,176.0,171.0,164.0,150.0,155.0,169.0,153.0,155.0
211,GEOFF SWAIM,211.0,,,,,,,,,,,,,,,,,,,,,,,,,,,,,,,,,,,,,,,,,,,,,,,,,,,,,
212,BEN WATSON,212.0,,,,,,,,,,,,,,,,,,,,,,,,,,,,,,,,,,,,,,,,,,,,,,,,,,,,,
213,GOLDEN TATE,213.0,135.0,154.0,136.0,154.0,155.0,149.0,163.0,154.0,147.0,154.0,124.0,138.0,131.0,133.0,163.0,154.0,145.0,137.0,156.0,152.0,155.0,151.0,134.0,152.0,156.0,153.0,149.0,151.0,148.0,172.0,149.0,155.0,165.0,152.0,151.0,148.0,148.0,152.0,169.0,145.0,139.0,156.0,152.0,148.0,152.0,151.0,165.0,151.0,155.0,156.0,147.0,147.0,151.0
214,BLAKE JARWIN,214.0,,,,,,,,,,,,,,,,,,,,,,,,,,,,,,,,,,,,,,,,,,,,,,,,,,,,,
215,MATT LACOSSE,215.0,,,,,,,,,,,,,,,,,,,,,,,,,,,,,,,,,,,,,,,,,,,,,,,,,,,,,
216,JOSH DOCTSON,216.0,,,,,,,,,,,,,,,,,,,,,,,,,,,,,,,,,,,,,,,,,,,,,,,,,,,,,
217,CJ UZOMAH,217.0,,,,,,,,,,,,,,,,,,,,,,,,,,,,,,,,,,,,,,,,,,,,,,,,,,,,,
218,GUS EDWARDS,218.0,,,,,,,,,,138.0,,,,,,,,,,,,,,,,,,,,,,,,,,,,,,,,,,,,,,,,,,,
219,CHRIS THOMPSON,219.0,,,,,,,,,,,,,,,,,,,,,,,,,,,,,,,,,,,,,,,,,,,,,,,,,,,,,
220,DEREK CARR,220.0,,173.0,180.0,,,,,,,,,,,,,,,,,,,155.0,,,,,,,,,,,158.0,,,,,,,,,,,,,,,,,,,,
221,RONALD JONES,221.0,105.0,117.0,104.0,98.0,100.0,105.0,107.0,105.0,117.0,105.0,98.0,100.0,103.0,104.0,100.0,108.0,104.0,118.0,98.0,107.0,104.0,111.0,101.0,103.0,108.0,103.0,101.0,100.0,102.0,120.0,104.0,118.0,119.0,104.0,125.0,104.0,118.0,111.0,105.0,87.0,102.0,118.0,102.0,101.0,106.0,107.0,103.0,105.0,95.0,102.0,123.0,116.0,108.0
222,JESSE JAMES,222.0,,,,,,,,,,,,,,,,,,,,,,,,,,,,,,,,,,,,,,,,,,,,,,,,,,,,,
223,DANNY AMENDOLA,223.0,,,,,,,,,,,,,,,,,,,,,,,,,,,,,,,,,,,,,,,,,,,,,,,,,,,,,
224,TRE'QUAN SMITH,224.0,,171.0,161.0,176.0,178.0,,179.0,,180.0,170.0,,,,,,,,,,,,,,,,,174.0,,177.0,,,,,,,175.0,178.0,,,,,,,,,,180.0,,,,,,175.0
225,HAYDEN HURST,225.0,,,,,,,,,,,,,,,,,,,,,,,,,,,,,,,,,,,,,,,,,,,,,,,,,,,,,
226,DEEBO SAMUEL,226.0,180.0,,,142.0,,,,169.0,174.0,172.0,179.0,173.0,174.0,,174.0,177.0,173.0,161.0,178.0,180.0,171.0,,,177.0,176.0,164.0,,177.0,159.0,165.0,180.0,180.0,180.0,174.0,177.0,155.0,155.0,178.0,178.0,174.0,179.0,177.0,150.0,172.0,168.0,,173.0,173.0,,178.0,,,162.0
227,TYLER HIGBEE,227.0,,,,,,,,,,,,,,,,,,,,,,,,,,,,,,,,,,,,,,,,,,,,,,,,,,,,,
228,CHARLES CLAY,228.0,,,,,,,,,,,,,,,,,,,,,,,,,,,,,,,,,,,,,,,,,,,,,,,,,,,,,
229,KAREEM HUNT,229.0,83.0,93.0,91.0,82.0,94.0,91.0,89.0,100.0,91.0,85.0,114.0,102.0,83.0,83.0,108.0,85.0,88.0,91.0,91.0,97.0,97.0,95.0,97.0,86.0,102.0,120.0,100.0,98.0,85.0,96.0,63.0,104.0,99.0,95.0,99.0,100.0,93.0,82.0,89.0,94.0,88.0,80.0,85.0,97.0,100.0,87.0,99.0,103.0,103.0,100.0,97.0,87.0,98.0
230,MIKE DAVIS,230.0,,,,,,,,,,,,,,,,,,,,,,,,,,169.0,,,,,,,,,,,,,,,,,,,,,,,,,,,
231,ANDY DALTON,231.0,,,,,,,,,,,,,,,,,,,,,,,,,,,,,,,,,,,,,,,,,,,,,,,,,,,,,
232,RICKY SEALS-JONES,232.0,,,,,,,,,,,,,,,,,,,,,,,,,,,,,,,,,,,,,,,,,,,,,,,,,,,,,
233,JOHN ROSS,234.0,,,,,,,,,,,,,,,,,,,,,,,,,,,,,,,,,,,,,,,,,,,,,,,,,,,,,
234,BRESHAD PERRIMAN,235.0,,,,,,,,,,,,,,,,,,,,,,,,,,,,,,,,,,,,,,,,,,,,,,,,,,,,,
235,GIOVANI BERNARD,236.0,,,,,,,,,,,,,,,,,,,,,,,,,,177.0,,,,,,175.0,,,,,,,,,,,,,,,,,,,,,
236,MATTHEW STAFFORD,237.0,175.0,,176.0,,,,,,,,,,,,177.0,,,,,,,,,,,,,,,,,,,,,,,,,,,,,,,,,,,,,179.0,
237,RANDALL COBB,238.0,,,,,,,,,,,,,,,,,,,,,,,,,,,,,,,,,,,,,,,,,,,,,,,,,,,,,
238,JORDAN THOMAS,239.0,,,,,,,,,,,,,,,,,,,,,,,,,,,,,,,,,,,,,,,,,,,,,,,,,,,,,
239,JONNU SMITH,240.0,,,,,,,,,,,,,,,,,,,,,,,,,,,,,,,,,,,,,,,,,,,,,,,,,,,,,
240,WILLIE SNEAD,241.0,,,,,,,,,,,,,,,,,,,,,,,,,,,,,,,,,,,,,,,,,,,,,,,,,,,,,
241,JORDAN AKINS,242.0,,,,,,,,,,,,,,,,,,,,,,,,,,,,,,,,,,,,,,,,,,,,,,,,,,,,,
242,DAVID MOORE,243.0,,,,,,,,,,,,,,,,,,,,,,,,,,,,,,,,,,,,,,,,,,,,,,,,,,,,,
243,LUKE STOCKER,244.0,,,,,,,,,,,,,,,,,,,,,,,,,,,,,,,,,,,,,,,,,,,,,,,,,,,,,
244,RASHARD HIGGINS,245.0,,,,,,,,,,,,,,,,,,,,,,,,,,,,,,,,,,,,,,,,,,,,,,,,,,,,,
245,SAM DARNOLD,246.0,178.0,,,,,,176.0,,172.0,180.0,159.0,,,,179.0,176.0,175.0,179.0,,179.0,176.0,,170.0,,180.0,,,,,,,177.0,,,,,134.0,,,179.0,,,,,,177.0,170.0,178.0,,169.0,,177.0,
246,RYAN GRIFFIN,247.0,,,,,,,,,,,,,,,,,,,,,,,,,,,,,,,,,,,,,,,,,,,,,,,,,,,,,
247,DAMIEN HARRIS,248.0,145.0,128.0,109.0,149.0,148.0,145.0,127.0,146.0,146.0,148.0,111.0,129.0,123.0,142.0,130.0,120.0,127.0,138.0,132.0,121.0,147.0,146.0,133.0,108.0,134.0,117.0,135.0,135.0,149.0,148.0,131.0,113.0,140.0,121.0,146.0,121.0,147.0,146.0,155.0,143.0,126.0,150.0,129.0,124.0,133.0,135.0,132.0,110.0,114.0,133.0,142.0,146.0,133.0
248,COLE BEASLEY,249.0,,,,,,,,173.0,,174.0,,,,,,,,,,161.0,,,,,,,,,,,,,,,,,,,,,,,,,,,,,,,,,
249,JACE STERNBERGER,250.0,,,,,,,,,,,,,,,,,,,,,,,,,,,,,,,,,,,,,,,,,,,,,,,,,,,,,
250,ADAM SHAHEEN,251.0,,,,,,,,,,,,,,,,,,,,,,,,,,,,,,,,,,,,,,,,,,,,,,,,,,,,,
251,JACOBY BRISSETT,252.0,,,,,,,,,,,,,,,,,,,,,,,,,,,,,,,,,,,,,,,,,,,,,,,,,,,,,
252,JASON CROOM,253.0,,,,,,,,,,,,,,,,,,,,,,,,,,,,,,,,,,,,,,,,,,,,,,,,,,,,,
253,NICK O'LEARY,254.0,,,,,,,,,,,,,,,,,,,,,,,,,,,,,,,,,,,,,,,,,,,,,,,,,,,,,
254,NICK FOLES,255.0,,,,,,,,,,,,,,,,,,,,,,,,135.0,,,,,,,,,,,,,,,,,,,,,,,,,,,,,
255,IRV SMITH,256.0,,,,,,,,,,,,,,,,,,,,,,,,,,,,,,,,,,,,,,,,,,,,,,,,,,,,,
256,GARRETT CELEK,257.0,,,,,,,,,,,,,,,,,,,,,,,,,,,,,,,,,,,,,,,,,,,,,,,,,,,,,
257,DEMETRIUS HARRIS,258.0,,,,,,,,,,,,,,,,,,,,,,,,,,,,,,,,,,,,,,,,,,,,,,,,,,,,,
258,DARWIN THOMPSON,259.0,147.0,139.0,173.0,147.0,151.0,120.0,153.0,151.0,154.0,168.0,125.0,98.0,136.0,150.0,153.0,172.0,152.0,153.0,133.0,156.0,141.0,154.0,154.0,156.0,121.0,85.0,150.0,149.0,146.0,109.0,133.0,123.0,171.0,122.0,153.0,97.0,139.0,135.0,139.0,148.0,89.0,130.0,126.0,125.0,139.0,152.0,133.0,135.0,137.0,117.0,167.0,142.0,121.0
259,NICK VANNETT,260.0,,,,,,,,,,,,,,,,,,,,,,,,,,,,,,,,,,,,,,,,,,,,,,,,,,,,,
260,TYLER KROFT,261.0,,,,,,,,,,,,,,,,,,,,,,,,,,,,,,,,,,,,,,,,,,,,,,,,,,,,,
261,ED DICKSON,262.0,,,,,,,,,,,,,,,,,,,,,,,,,,,,,,,,,,,,,,,,,,,,,,,,,,,,,
262,N'KEAL HARRY,263.0,139.0,133.0,115.0,130.0,129.0,132.0,140.0,130.0,143.0,136.0,139.0,139.0,139.0,140.0,109.0,142.0,128.0,143.0,130.0,143.0,131.0,132.0,109.0,142.0,127.0,139.0,139.0,112.0,139.0,141.0,144.0,140.0,144.0,144.0,128.0,136.0,137.0,142.0,143.0,131.0,141.0,146.0,135.0,141.0,126.0,132.0,131.0,143.0,130.0,126.0,141.0,131.0,146.0
263,MARCUS MARIOTA,264.0,,,,,,,,,,,,,,,,,,,,,,,,,,,,,,,,,,,,,,,,,,,,,,,,,,,,,
264,JUSTIN JACKSON,265.0,151.0,140.0,169.0,133.0,154.0,111.0,115.0,143.0,171.0,131.0,112.0,132.0,129.0,129.0,107.0,139.0,153.0,145.0,131.0,135.0,151.0,152.0,137.0,151.0,150.0,128.0,151.0,145.0,141.0,142.0,155.0,121.0,156.0,148.0,133.0,111.0,112.0,140.0,123.0,156.0,154.0,125.0,114.0,133.0,136.0,113.0,149.0,148.0,105.0,152.0,139.0,171.0,145.0
265,RHETT ELLISON,266.0,,,,,,,,,,,,,,,,,,,,,,,,,,,,,,,,,,,,,,,,,,,,,,,,,,,,,
266,JAMES O'SHAUGHNESSY,267.0,,,,,,,,,,,,,,,,,,,,,,,,,,,,,,,,,,,,,,,,,,,,,,,,,,,,,
267,MECOLE HARDMAN,268.0,153.0,153.0,,151.0,120.0,170.0,169.0,155.0,169.0,133.0,170.0,147.0,149.0,146.0,170.0,171.0,149.0,151.0,146.0,133.0,164.0,175.0,147.0,175.0,171.0,97.0,148.0,150.0,134.0,175.0,134.0,156.0,152.0,156.0,168.0,169.0,154.0,173.0,172.0,147.0,146.0,174.0,154.0,145.0,153.0,150.0,155.0,153.0,156.0,154.0,152.0,169.0,152.0
268,JOSH OLIVER,269.0,,,,,,,,,,,,,,,,,,,,,,,,,,,,,,,,,,,,,,,,,,,,,,,,,,,,,
269,PARRIS CAMPBELL,270.0,,,134.0,,175.0,,174.0,,176.0,,,,179.0,180.0,,,,,,,179.0,,,,,,,,,,,,,,,,,,,,,,,,,,,,,,,,
270,BUDDY HOWELL,271.0,,,,,,,,,,,,,,,,,,,,,,,,,,,,,,,,,,,,,,,,,,,,,,,,,,,,,
271,FRANK GORE,272.0,,,,,,,,,,,,,,,,,,,,,,,,,,,,,,,,,,,,,,,,,,,,,,,,,,,,,
272,DEMARCUS ROBINSON,273.0,,,,,,,,,,,,,,,,,,,,,,,,,,,,,,,,,,,,,,,,,,,,,,,,,,,,,
273,DEVIN SINGLETARY,274.0,137.0,122.0,141.0,109.0,125.0,119.0,123.0,131.0,109.0,110.0,144.0,120.0,98.0,113.0,97.0,125.0,114.0,127.0,113.0,110.0,119.0,135.0,129.0,134.0,129.0,135.0,130.0,124.0,110.0,117.0,114.0,126.0,117.0,118.0,115.0,127.0,128.0,132.0,113.0,129.0,124.0,110.0,113.0,110.0,111.0,144.0,125.0,121.0,138.0,105.0,132.0,130.0,120.0
274,ANTONIO CALLAWAY,275.0,,,,,,,,,,,,,,,,,,,,,,,,,,,,,,,,,,,,,,,,,,,,,,,,,,,,,
275,FOSTER MOREAU,276.0,,,,,,,,,,,,,,,,,,,,,,,,,,,,,,,,,,,,,,,,,,,,,,,,,,,,,
276,TERRY MCLAURIN,277.0,,,,,,,,,,,,,,,,,,,,,,,,,,,,,,,,,,,,,,,,,,,,,,,,,,,,,
277,JOSH FERGUSON,278.0,,,,,,,,,,,,,,,,,,,,,,,,,,,,,,,,,,,,,,,,,,,,,,,,,,,,,
278,VIRGIL GREEN,279.0,,,,,,,,,,,,,,,,,,,,,,,,,,,,,,,,,,,,,,,,,,,,,,,,,,,,,
279,ALEXANDER MATTISON,280.0,108.0,126.0,120.0,129.0,131.0,126.0,138.0,136.0,137.0,137.0,135.0,127.0,121.0,123.0,128.0,140.0,132.0,140.0,127.0,122.0,134.0,109.0,127.0,132.0,135.0,146.0,134.0,140.0,130.0,118.0,129.0,138.0,138.0,110.0,135.0,109.0,141.0,141.0,146.0,135.0,137.0,121.0,132.0,132.0,137.0,148.0,128.0,113.0,148.0,139.0,145.0,138.0,129.0
280,MARCEDES LEWIS,281.0,,,,,,,,,,,,,,,,,,,,,,,,,,,,,,,,,,,,,,,,,,,,,,,,,,,,,
281,KEELAN COLE,282.0,,,,,,,,,,,,,,,,,,,,,,,,,,,,,,,,,,,,,,,,,,,,,,,,,,,,,
282,CODY LATIMER,283.0,,,,,,,,,,,,,,,,,,,,,,,,,,,,,,,,,,,,,,,,,,,,,,,,,,,,,
283,ALFRED BLUE,284.0,,,,,,,,,,,,,,,,,,,,,,,,,,,,,,,,,,,,,,,,,,,,,,,,,,,,,
284,JUSTICE HILL,285.0,146.0,151.0,155.0,146.0,108.0,108.0,145.0,147.0,142.0,169.0,133.0,134.0,135.0,145.0,152.0,151.0,148.0,155.0,138.0,139.0,149.0,168.0,142.0,109.0,152.0,121.0,132.0,122.0,137.0,130.0,143.0,137.0,145.0,147.0,150.0,123.0,153.0,145.0,135.0,151.0,138.0,113.0,155.0,130.0,143.0,153.0,146.0,133.0,125.0,147.0,150.0,155.0,132.0
285,XAVIER GRIMBLE,286.0,,,,,,,,,,,,,,,,,,,,,,,,,,,,,,,,,,,,,,,,,,,,,,,,,,,,,
286,RODNEY ANDERSON,287.0,,,,,,,,,,,,,,,,,,,,,,,,,,,,,,,,,,,,,,,,,,,,,,,,,,,,,
287,BILAL POWELL,288.0,,,,,,,,,,,,,,,,,,,,,,,,,,,,,,,,,,,,,,,,,,,,,,,,,,,,,
288,ANTHONY FIRKSER,289.0,,,,,,,,,,,,,,,,,,,,,,,,,,,,,,,,,,,,,,,,,,,,,,,,,,,,,
289,TY MONTGOMERY,290.0,,,,,,,,,,,,,,,,,,,,,,149.0,,,,,,,,,,,,,,,175.0,,,,163.0,,,,,,,,,,,,174.0
290,DEMARYIUS THOMAS,291.0,,,,,,,,,,,,,,,,,,,,,,,,,,,,,,,,,,,,,,,,,,,,,,,,,,,,,
291,CHRIS HOGAN,292.0,,,,,,,,,,,,,,,,,,,,,,,,,,,,,,,,,,,,,,,,,,,,,,,,,,,,,
292,JOSH HILL,293.0,,,,,,,,,,,,,,,,,,,,,,,,,,,,,,,,,,,,,,,,,,,,,,,,,,,,,
293,MAXX WILLIAMS,294.0,,,,,,,,,,,,,,,,,,,,,,,,,,,,,,,,,,,,,,,,,,,,,,,,,,,,,
294,LEVINE TOILOLO,295.0,,,,,,,,,,,,,,,,,,,,,,,,,,,,,,,,,,,,,,,,,,,,,,,,,,,,,
295,COREY CLEMENT,296.0,,,,,,,,,,,,,,,,,,,,,,,,,,,,,,,,,,,,,,,,,,,,,,,,,,,,,
296,CHRIS CONLEY,297.0,,,,,,,,,,,,,,,,,,,,,,,,,,,,,,,,,,,,,,,,,,,,,,,,,,,,,
297,MILES BOYKIN,298.0,,,,,,,,,,,,,,,,,,,,,,,,,,176.0,,,,,,,,,,,,,,,,,,,,,,,,,,,
298,MO ALIE-COX,299.0,,,,,,,,,,,,,,,,,,,,,,,,,,,,,,,,,,,,,,,,,,,,,,,,,,,,,
