,name,1,2,3,4,5,6,7,8,9,10,11,12,13,14,15,16,17,18,19,20,21,22,23,24,25
0,Saquon  Barkley ,1,3,2,1,2,1,1,1,3,1,1,1,1,2,2,1,2,3,1,1,1,1,1,2,1
1,Alvin  Kamara ,3,2,3,3,1,2,2,2,2,2,3,2,2,1,1,2,1,1,2,2,2,2,2,3,3
2,ChristianMc  Caffrey ,2,1,1,2,3,3,3,3,1,3,2,3,3,3,3,3,3,2,4,3,3,3,3,4,2
3,Ezekiel  Elliott ,4,4,5,6,5,4,7,6,4,5,6,5,7,5,9,5,6,5,6,5,6,4,4,1,4
4,DeAndre  Hopkins ,6,9,6,8,7,5,6,5,7,6,8,4,6,4,5,6,5,4,9,6,4,5,6,6,5
5,David  Johnson ,5,7,4,5,6,6,5,4,5,4,7,8,4,6,7,4,4,7,8,8,10,9,5,8,6
6,LeVeon  Bell ,9,5,7,4,4,8,4,8,6,7,5,6,5,7,20,8,10,10,10,4,5,8,21,10,7
7,Nick  Chubb ,8,11,8,12,9,7,10,10,9,9,4,10,11,9,11,7,9,9,12,7,7,6,9,5,11
8,Davante  Adams ,7,8,9,7,8,10,11,9,11,12,10,9,8,10,6,24,8,11,11,12,8,10,7,7,10
9,James  Conner ,11,6,10,24,11,9,8,21,24,8,9,7,9,8,4,9,7,6,7,10,12,7,8,9,9
10,Todd  Gurley ,10,23,21,9,10,20,19,12,10,10,11,21,23,24,21,10,12,8,22,9,22,22,20,11,21
11,Julio  Jones ,20,10,20,11,12,12,23,22,8,11,12,24,10,11,8,11,11,22,24,22,9,11,24,12,23
12,Michael  Thomas ,21,18,12,10,24,19,9,7,12,24,21,11,24,23,10,23,24,23,5,20,23,21,11,24,8
13,Tyreek  Hill ,23,19,24,21,22,24,12,23,22,23,23,12,22,12,23,12,23,12,20,19,11,12,18,23,24
14,Joe  Mixon ,12,12,17,18,23,21,18,24,20,22,22,22,19,20,24,22,22,21,21,24,20,23,22,22,20
15,OdellBeckham   Jr ,22,17,11,23,20,11,16,11,21,21,24,23,20,21,12,21,21,20,18,16,24,20,10,21,12
16,Dalvin  Cook ,17,24,14,17,19,23,24,20,18,19,17,19,12,22,18,20,20,16,23,11,18,17,12,18,18
17,JuJuSmith-  Schuster ,19,20,19,19,21,17,22,17,19,17,19,17,18,19,22,19,18,19,16,23,17,19,23,20,19
18,Travis  Kelce ,18,16,22,22,17,18,21,18,17,20,20,20,14,18,19,17,19,15,14,18,16,14,19,19,15
19,Pat  Mahomes ,24,14,23,16,13,15,28,26,23,25,18,18,21,16,17,18,17,24,3,17,19,24,26,15,22
20,Mike  Evans ,15,15,18,15,18,22,15,14,16,18,15,15,17,15,15,16,15,17,15,13,13,25,17,13,17
21,Damien  Williams ,26,22,13,13,15,16,20,19,15,16,13,25,13,17,14,29,14,18,19,21,14,15,29,17,14
22,Antonio  Brown ,28,13,15,26,28,28,25,13,28,14,14,13,26,30,13,27,16,25,26,25,21,13,14,25,16
23,Leonard  Fournette ,16,27,35,25,16,27,13,15,13,15,16,16,15,14,16,15,27,13,27,15,25,26,16,14,25
24,Kerryon  Johnson ,13,28,32,14,26,14,14,16,14,35,25,27,27,28,27,14,26,14,28,29,28,16,13,27,13
25,Melvin  Gordon ,30,21,36,28,29,35,30,31,27,13,30,26,16,27,33,26,13,27,30,26,43,18,47,30,31
26,Keenan  Allen ,33,34,29,30,14,26,31,25,26,28,36,14,28,26,31,32,25,33,13,34,30,28,25,36,26
27,Aaron  Jones ,14,25,26,29,30,25,17,27,29,31,29,30,30,31,25,30,31,32,32,14,31,33,30,29,29
28,Adam  Thielen ,27,33,25,27,25,31,32,35,25,26,26,28,25,29,26,36,30,29,25,27,27,27,15,35,27
29,Devonta  Freeman ,31,31,31,20,27,30,33,29,31,27,27,29,29,32,30,34,28,28,17,32,35,29,34,26,30
30,Marlon  Mack ,32,26,16,34,32,33,47,45,35,33,31,35,34,47,36,31,33,47,33,35,26,36,31,16,34
31,Josh  Jacobs ,34,36,27,31,31,13,29,36,30,30,28,32,31,35,28,28,29,30,31,30,29,30,27,34,36
32,David  Montgomery ,25,44,48,33,33,32,42,30,34,32,32,36,32,13,48,47,32,31,29,31,32,34,35,33,32
33,Chris  Carson ,35,45,30,32,36,29,27,28,36,29,46,34,44,34,34,35,34,34,35,33,33,35,28,31,33
34,T.Y.  Hilton ,48,29,28,44,34,36,34,32,48,47,33,33,35,48,32,44,36,36,34,47,36,32,42,42,28
35,George  Kittle ,45,35,34,35,45,48,44,40,33,34,34,48,46,25,45,33,35,26,46,46,44,48,46,32,42
36,Derrick  Henry ,43,32,47,48,46,34,35,33,44,45,44,44,42,45,29,48,47,45,36,44,48,47,45,28,35
37,Amari  Cooper ,36,30,43,46,35,44,26,48,46,44,45,31,33,33,46,43,46,48,42,28,34,43,33,44,47
38,Stefon  Diggs ,41,40,33,36,47,42,45,46,45,42,35,46,47,42,35,46,45,35,48,36,40,46,32,41,45
39,Mark  Ingram ,47,47,46,47,44,43,36,34,43,36,48,42,54,36,44,42,48,44,39,48,42,31,43,47,43
40,Zach  Ertz ,29,46,42,40,39,45,43,47,47,41,47,47,45,43,41,39,41,43,45,40,45,40,38,46,39
41,Brandin  Cooks ,44,41,45,45,43,47,48,42,42,43,43,45,36,40,47,41,39,46,47,41,39,45,41,45,44
42,Sony  Michel ,54,42,44,38,48,46,46,37,32,39,39,40,38,46,43,37,44,37,40,45,51,44,36,51,48
43,Robert  Woods ,37,48,39,41,41,38,38,44,38,37,42,43,43,39,40,40,43,42,44,42,38,39,44,40,38
44,Julian  Edelman ,42,43,41,42,42,41,39,39,41,46,41,39,48,44,38,38,40,49,57,39,49,38,40,43,37
45,Phillip  Lindsay ,49,38,52,43,38,55,54,41,52,48,53,51,49,51,42,59,50,54,37,54,47,37,39,48,46
46,Chris  Godwin ,40,58,38,50,55,40,37,50,37,40,40,41,40,57,53,51,55,38,49,43,54,42,37,39,50
47,Deshaun  Watson ,46,49,50,55,53,50,50,69,54,52,51,53,52,53,49,13,42,52,60,38,15,51,55,52,41
48,Kenny  Golladay ,38,52,56,52,51,37,52,49,40,50,37,52,37,41,37,56,49,40,50,51,41,53,71,50,51
49,Tevin  Coleman ,39,51,37,39,54,53,40,38,57,38,38,38,41,54,39,45,51,41,38,37,46,55,48,49,40
50,Tyler  Lockett ,52,50,49,37,37,39,49,51,39,56,49,49,39,38,51,50,52,39,52,49,50,41,52,37,49
51,A.J.  Green ,55,39,53,49,40,56,59,53,50,53,54,37,50,55,52,53,72,53,51,50,58,59,68,38,55
52,Cooper  Kupp ,58,56,40,56,50,49,55,52,51,49,71,56,53,52,57,55,53,50,43,52,52,54,50,58,72
53,Calvin  Ridley ,59,59,59,60,58,51,41,43,58,57,56,50,51,37,54,49,37,59,41,53,55,50,57,55,53
54,Aaron  Rodgers ,66,57,61,62,57,52,51,66,70,72,67,55,70,49,72,25,38,55,58,59,59,49,70,54,69
55,Mike  Williams ,50,37,67,53,65,57,58,60,53,51,50,54,55,56,56,52,69,57,55,60,72,56,58,53,54
56,O.J.  Howard ,60,54,57,66,59,59,71,58,49,55,52,58,56,60,61,72,57,58,54,56,37,58,59,57,56
57,Miles  Sanders ,51,76,51,54,49,54,57,54,56,59,55,57,58,59,67,71,54,51,59,72,56,57,54,56,52
58,Lamar  Miller ,56,69,54,59,56,58,56,72,69,71,60,59,59,50,68,60,59,64,72,57,57,72,49,59,58
59,Tyler  Boyd ,70,67,73,67,68,60,67,57,55,58,70,68,57,72,65,70,56,56,62,68,71,67,67,70,57
60,Baker  Mayfield ,57,68,76,58,64,65,60,67,75,54,64,61,67,66,64,57,70,70,64,70,66,52,65,69,68
61,Evan  Engram ,68,62,65,72,61,72,72,61,72,69,72,67,65,69,60,54,58,71,56,55,53,69,53,60,67
62,D.J.  Moore ,72,64,71,51,69,69,64,64,67,61,58,60,71,58,73,69,67,69,53,71,68,64,69,66,60
63,James  White ,53,77,83,68,72,71,69,59,59,70,59,72,60,67,71,65,64,63,69,67,60,71,62,67,63
64,Alshon  Jeffery ,71,60,74,71,60,68,66,68,68,67,57,66,76,63,55,63,66,73,70,64,69,60,74,71,61
65,Kenyan  Drake ,80,53,70,63,70,64,75,71,82,65,61,73,62,76,66,84,77,74,82,58,78,75,73,96,81
66,Hunter  Henry ,67,63,62,74,78,67,63,65,74,60,66,64,61,68,63,80,60,93,71,65,67,63,81,64,64
67,Jarvis  Landry ,62,78,72,64,66,61,53,55,71,63,65,78,63,62,74,58,62,67,74,77,73,66,64,74,66
68,Derrius  Guice ,79,70,58,69,77,78,68,83,63,68,68,77,72,78,58,79,71,80,63,75,63,65,77,78,62
69,Latavius  Murray ,64,79,55,57,71,70,61,74,66,81,69,70,64,64,59,68,61,60,66,61,64,70,60,72,65
70,Robby  Anderson ,77,71,66,75,62,66,73,76,61,79,73,65,74,80,69,66,63,66,68,62,62,62,51,61,74
71,Matt  Ryan ,63,65,60,78,67,84,77,80,80,75,82,76,66,81,75,62,68,61,78,63,61,91,61,62,59
72,Austin  Ekeler ,69,89,69,79,52,96,70,56,65,74,78,71,69,65,50,67,65,72,61,76,70,92,56,68,75
73,Jared  Cook ,73,93,84,61,79,75,65,75,64,73,77,75,78,71,90,76,73,84,76,73,75,80,72,91,71
74,Will  Fuller ,81,74,64,76,63,73,80,78,77,82,63,81,79,77,76,61,83,94,67,78,80,77,79,63,83
75,Andrew  Luck ,76,55,79,80,88,83,81,63,93,92,86,84,73,83,62,75,76,86,93,69,82,68,78,83,84
76,Carson  Wentz ,65,82,92,73,74,79,90,73,73,62,83,80,84,75,70,64,79,65,73,66,76,81,76,65,91
77,Allen  Robinson ,61,61,68,82,76,74,83,70,78,64,76,69,80,95,79,74,94,68,96,74,79,74,75,75,78
78,Rashaad  Penny ,78,73,81,65,81,63,85,77,62,84,62,63,82,82,97,81,78,82,80,94,81,84,82,79,77
79,Christian  Kirk ,90,81,86,77,73,76,93,81,92,96,75,92,90,86,81,83,87,62,81,82,94,61,96,80,70
80,VanceMc  Donald ,74,84,75,89,84,62,88,62,94,90,81,74,91,89,94,82,92,76,84,81,102,78,66,73,96
81,Tarik  Cohen ,84,66,78,70,82,81,76,95,88,94,95,79,95,74,91,78,81,78,95,96,83,87,80,94,80
82,Drew  Brees ,83,75,77,95,80,90,95,89,76,83,93,107,75,79,78,96,75,83,65,79,84,76,63,84,86
83,Eric  Ebron ,75,80,80,91,98,88,97,79,83,95,91,90,96,88,92,86,90,85,86,95,96,112,87,89,98
84,Jordan  Howard ,82,94,89,96,86,80,79,88,79,66,84,89,88,93,86,73,89,95,105,98,88,89,90,87,95
85,Curtis  Samuel ,92,105,63,81,75,77,94,82,81,77,74,62,94,61,95,93,74,75,94,84,77,83,89,76,79
86,Dante  Pettis ,100,72,93,90,93,82,78,90,84,97,79,91,81,87,101,95,80,81,100,91,91,82,94,95,93
87,Darrell  Henderson ,96,92,96,93,97,86,82,94,96,78,94,96,68,73,89,87,84,79,85,83,65,98,83,101,94
88,Royce  Freeman ,95,87,91,88,85,98,84,98,101,89,80,93,98,84,77,98,95,77,88,90,93,79,91,81,90
89,Kareem  Hunt ,93,91,82,94,91,89,100,91,85,114,102,83,83,108,85,88,91,91,97,97,95,97,86,102,120
90,Marvin  Jones ,87,96,90,85,90,95,87,96,104,87,96,82,106,90,93,89,103,90,106,86,99,96,92,82,102
91,Chicago  Defense ,88,101,85,92,94,99,115,97,98,80,99,95,87,91,80,85,102,92,79,99,90,88,98,105,92
92,Cam  Newton ,86,108,94,83,83,106,106,84,91,108,85,99,77,94,83,77,107,120,98,80,92,105,84,92,87
93,Sammy  Watkins ,98,95,108,86,99,100,62,102,90,101,88,97,101,101,87,91,106,108,77,103,74,93,85,77,99
94,Russell  Wilson ,105,83,105,101,96,111,92,107,99,106,104,116,86,92,99,106,93,97,118,85,103,90,95,118,100
95,MarquezValdes-  Scantling ,97,86,107,97,89,94,96,87,60,102,90,87,102,102,84,90,97,88,83,92,87,94,97,93,82
96,LeSeanMc  Coy ,108,100,101,87,100,104,99,99,100,103,106,102,97,103,106,99,104,100,102,100,120,86,106,86,105
97,David  Njoku ,94,103,95,99,92,118,86,93,87,86,87,85,99,119,88,107,88,101,87,87,100,107,88,90,89
98,Ronald  Jones II ,117,104,98,100,105,107,105,117,105,98,100,103,104,100,108,104,118,98,107,104,111,101,103,108,103
99,Geronimo  Allison ,102,97,113,103,95,87,121,105,106,119,103,100,116,105,119,117,82,103,90,102,118,95,99,106,73
100,Kalen  Ballage ,99,139,88,98,101,93,107,85,103,120,97,94,119,117,100,100,100,96,92,89,85,73,100,103,101
101,Kyler  Murray ,85,90,117,105,106,92,91,112,89,91,111,113,118,96,96,92,85,105,116,106,110,119,118,111,122
102,Jared  Goff ,104,88,114,110,87,97,120,108,86,100,101,112,92,98,103,94,96,118,91,88,89,111,93,107,114
103,Adrian  Peterson ,91,106,119,102,103,101,119,101,95,85,92,88,108,99,105,97,105,106,115,101,115,102,101,104,108
104,Sterling  Shepard ,89,99,103,114,116,91,112,119,97,121,116,114,85,104,102,102,120,119,119,116,114,99,105,100,104
105,Peyton  Barber ,118,98,102,107,104,108,74,115,118,107,105,120,107,114,118,101,111,107,101,130,112,104,111,119,107
106,Larry  Fitzgerald ,106,102,110,118,114,102,123,86,102,110,114,106,93,120,112,108,101,87,120,108,117,117,113,116,123
107,Carlos  Hyde ,101,107,120,115,127,120,110,144,132,88,119,104,103,113,111,105,108,115,108,114,98,120,110,132,110
108,Corey  Davis ,107,116,104,119,110,117,103,120,113,104,117,108,89,111,115,116,116,89,111,118,104,118,107,112,111
109,Courtland  Sutton ,119,119,112,111,112,119,111,113,107,126,107,111,105,115,121,120,119,112,104,111,116,110,127,88,118
110,LA Rams  Defense ,120,118,116,106,117,113,117,111,124,109,115,115,115,116,114,112,115,109,117,107,108,116,102,120,119
111,Dede  Westbrook ,116,121,121,117,107,105,108,100,117,118,118,118,112,106,98,118,117,102,112,126,113,108,124,97,115
112,Philip  Rivers ,121,117,131,126,102,124,109,123,108,116,121,109,121,110,104,103,121,122,124,120,121,122,114,122,127
113,D.K.  Metcalf ,123,113,125,122,113,110,114,121,122,115,125,124,110,124,123,110,124,110,126,113,124,125,122,114,131
114,Jaylen  Samuels ,124,144,111,123,139,112,127,114,109,132,122,86,117,85,107,130,114,99,136,115,133,128,119,131,143
115,Jameis  Winston ,114,122,99,121,125,109,104,110,112,113,112,110,122,125,117,119,122,111,114,121,130,130,117,115,109
116,DeSean  Jackson ,109,112,118,112,121,126,129,104,121,105,89,126,111,129,113,113,123,124,109,109,123,103,123,117,126
117,Josh  Gordon ,103,150,87,104,115,103,89,118,120,76,123,122,120,70,82,115,98,116,75,93,86,100,104,85,76
118,Emmanuel  Sanders ,125,123,132,84,123,116,98,124,114,131,113,119,109,144,128,111,110,121,128,128,127,123,125,123,88
119,N'Keal  Harry ,133,115,130,129,132,140,130,143,136,139,139,139,140,109,142,128,143,130,143,131,132,109,142,127,139
120,Matt  Breida ,111,152,126,109,122,121,144,106,140,99,108,105,114,138,132,131,109,117,130,123,140,106,120,109,124
121,Jacksonville  Defense ,110,110,122,124,128,114,126,122,125,141,124,125,125,112,109,122,113,125,99,125,97,114,115,113,113
122,Devin  Singletary ,122,141,109,125,119,123,131,109,110,144,120,98,113,97,125,114,127,113,110,119,135,129,134,129,135
123,Donte  Moncrief ,132,140,143,143,141,129,132,126,123,129,142,127,144,131,137,123,126,141,129,132,138,141,130,130,125
124,James  Washington ,113,132,123,113,140,142,116,127,119,130,128,128,130,118,116,124,112,129,134,127,129,126,112,110,106
125,Lamar  Jackson ,144,114,106,127,109,132,122,125,141,122,126,130,126,126,124,109,144,114,131,117,128,113,128,128,137
126,Alexander  Mattison ,126,120,129,131,126,138,136,137,137,135,127,121,123,128,140,132,140,127,122,134,109,127,132,135,146
127,Tom  Brady ,136,127,127,142,135,122,141,129,128,117,149,132,143,127,127,129,128,139,123,122,105,121,131,126,132
128,Trey  Burton ,145,111,97,174,118,128,118,103,116,149,109,101,100,123,147,121,86,140,103,110,122,153,121,99,130
129,Ben  Roethlisberger ,127,125,140,136,129,125,139,130,130,138,131,150,132,121,129,144,130,128,144,143,136,139,139,141,138
130,LA Chargers  Defense ,130,124,124,139,138,130,124,149,144,127,130,145,124,141,136,126,131,143,132,140,139,124,143,138,144
131,Anthony  Miller ,129,135,144,146,142,131,134,134,111,140,140,142,127,140,131,136,142,142,147,136,147,140,133,144,140
132,Baltimore  Defense ,141,129,139,144,144,143,142,131,129,142,141,140,128,132,126,125,132,123,142,142,141,132,137,142,142
133,Duke  Johnson ,131,170,128,130,124,137,101,116,134,128,135,117,131,135,133,137,147,135,150,112,125,138,129,124,116
134,Minnesota  Defense ,143,128,141,138,137,136,135,141,143,143,143,144,138,143,135,142,129,148,140,139,142,135,140,140,112
135,Tyrell  Williams ,148,126,145,134,130,135,138,135,135,134,136,133,141,136,110,138,125,137,141,138,145,144,138,125,134
136,Damien  Harris ,128,109,149,148,145,127,146,146,148,111,129,123,142,130,120,127,138,132,121,147,146,133,108,134,117
137,Delanie  Walker ,112,85,100,116,152,85,102,92,115,123,110,155,147,122,143,139,99,126,154,144,106,115,154,98,141
138,Justin  Jackson ,140,169,133,154,111,115,143,171,131,112,132,129,129,107,139,153,145,131,135,151,152,137,151,150,128
139,Cleveland  Defense ,138,131,137,133,147,134,140,139,142,137,137,138,134,150,130,151,135,144,138,133,148,143,126,139,147
140,Keke  Coutee ,158,143,136,150,150,146,153,153,155,152,148,137,139,149,144,134,134,145,148,129,172,150,144,146,136
141,Justice  Hill ,151,155,146,108,108,145,147,142,169,133,134,135,145,152,151,148,155,138,139,149,168,142,109,152,121
142,Jimmy  Garoppolo ,163,145,134,141,156,150,133,150,149,145,151,143,137,147,138,140,141,149,146,148,134,152,136,148,179
143,John  Brown ,150,146,148,145,153,147,113,145,153,147,133,146,136,155,148,133,150,151,177,145,174,149,155,151,155
144,Kirk  Cousins ,142,148,169,164,151,155,148,133,146,151,153,151,148,148,141,135,139,136,149,137,150,131,146,161,148
145,Dak  Prescott ,134,142,172,132,131,165,150,140,139,153,154,153,135,154,145,143,148,176,153,135,153,156,149,133,159
146,Devin  Funchess ,172,130,153,149,169,148,128,151,127,150,145,156,149,151,146,154,152,152,171,154,169,145,172,143,129
147,Greg  Zuerlein ,146,149,150,168,146,149,149,136,156,154,168,152,152,139,150,155,168,155,127,152,126,168,150,168,152
148,Golden  Tate ,154,136,154,155,149,163,154,147,154,124,138,131,133,163,154,145,137,156,152,155,151,134,152,156,153
149,Darwin  Thompson ,139,173,147,151,120,153,151,154,168,125,98,136,150,153,172,152,153,133,156,141,154,154,156,121,85
150,Tony  Pollard ,135,138,175,137,154,144,125,128,162,93,144,147,155,156,122,146,156,167,137,156,162,155,141,153,149
151,Justin  Tucker ,147,153,168,140,167,151,165,167,166,167,166,168,168,168,155,166,167,168,145,167,166,136,168,165,168
152,Houston  Defense ,157,133,156,147,143,152,152,138,163,146,150,148,157,145,149,141,133,134,158,146,131,165,145,160,145
153,Harrison  Butker ,155,168,152,163,168,167,164,168,167,164,165,165,153,167,168,165,149,161,167,166,119,148,167,163,163
154,Wil  Lutz ,166,164,167,162,166,162,162,166,145,165,167,162,160,165,152,163,166,166,113,165,165,164,161,164,167
155,Michael  Gallup ,156,175,170,128,173,170,172,155,177,176,171,164,170,133,169,167,170,172,163,169,177,160,170,166,156
156,Stephen  Gostkowski ,164,166,161,166,165,164,166,165,164,158,164,161,166,158,166,164,164,163,166,163,163,158,160,162,161
157,Kaimi  Fairbairn ,162,163,160,167,162,166,163,164,165,163,169,163,162,164,159,162,165,165,168,159,144,167,157,159,166
158,Jake  Elliott ,168,162,165,159,164,157,160,163,158,157,162,159,163,160,165,161,163,160,165,161,164,159,178,172,158
